ID,URL,Info_Box,,
0,https://en.wikipedia.org/wiki/Cyclone_Monica,"Formed: 16 April 2006
Remnant low: 24 April 2006
Dissipated: 28 April 2006
Highest winds: 285 km/h (180 mph)
Lowest pressure: 879 hPa (mbar); 25.96 inHg
Fatalities: None
Damage: $5.1 million (2006 USD)
Areas affected: Papua New GuineaQueenslandNorthern Territory",,
1,https://en.wikipedia.org/wiki/Electra_Fire_(2022),"Coordinates: 38deg20'05''N 120deg39'55''W / 38.334802degN 120.665415degW / 38.334802; -120.665415
Date(s): July 4, 2022 (2022-07-04)-July 28, 2022 (2022-07-28)
Burned area: 4,478 acres (1,812 ha)
Cause: Under investigation
Deaths: 0
Non-fatal injuries: 1 firefighter
Evacuated: ~100[2]",,
2,https://en.wikipedia.org/wiki/2008_Queensland_storms,"Fatalities: 2 [1]
Damage: Insured: A$95 millionTotal: about A$500 million11. as of 21 November 2008",,
3,https://en.wikipedia.org/wiki/Typhoon_Sepat,"Formed: August 12, 2007
Remnant low: August 20, 2007
Dissipated: August 24, 2007
Highest winds: 260 km/h (160 mph)
Lowest pressure: 918 hPa (mbar); 27.11 inHg
Fatalities: >43 total
Damage: >$693 million (2007 USD)
Areas affected: Philippines, Taiwan, China",,
4,https://en.wikipedia.org/wiki/2021_Western_North_America_heat_wave,"Type: Heat wave
Start date: June 25, 2021 (2021-06-25)
End date: July 7, 2021 (2021-07-07)
Peak temp.: 49.6 degC (121.3 degF), recorded at Lytton, British Columbia[1]
Deaths: >=1,408 deaths (estimated),[2][3] >=914 (confirmed)
808 excess deaths in Canada
685 confirmed in Canada
Deadliest weather event in the history of Canada
around 600 excess deaths in the United States
>=229 confirmed in the United States
Damages: United States: >=$8.9 billion (2021 USD)[4]",,
5,https://en.wikipedia.org/wiki/Hurricane_Ophelia_(2005),"Formed: September 6, 2005
Extratropical: September 18, 2005
Dissipated: September 23, 2005
Highest winds: 85 mph (140 km/h)
Lowest pressure: 976 mbar (hPa); 28.82 inHg
Fatalities: 3
Missing: 1
Damage: $70 million (2005 USD)
Areas affected: Bahamas, East Coast of the United States, Atlantic Canada",,
6,https://en.wikipedia.org/wiki/2017_West_Bengal_floods,"Date: July - August 2017
Location: West Bengal and Jharkhand, India
Deaths: At least 152 [1](1 June 2017 - 30 August 2017 )
Property damage: Rs14,000 crore (US$2.18 billion) [1](government estimate)",,
7,https://en.wikipedia.org/wiki/2022_European_heat_waves,"Type: Heatwave
Areas: Andorra
Austria
Belgium
Croatia
Denmark
Finland
France
Germany
Greece
Hungary
Ireland
Italy
Luxembourg
Malta
Netherlands
Norway
Poland
Portugal
San Marino
Serbia
Slovakia
Slovenia
Spain
Switzerland
United Kingdom
Start date: 10 June 2022 (2022-06-10)
End date: 12 September 2022 (2022-09-12)
Peak temp.: 47.0 degC (116.6 degF), recorded at Pinhao, Portugal on 14 July 2022[1]
Deaths: 24,501-61,672[2]
Damages: EUR19 billion[3]",,
8,https://en.wikipedia.org/wiki/Hurricane_Agnes,"Formed: June 14, 1972 (June 14, 1972)
Extratropical: June 23, 1972
Dissipated: July 6, 1972 (July 6, 1972)
Highest winds: 85 mph (140 km/h)
Lowest pressure: 977 mbar (hPa); 28.85 inHg
Fatalities: 128 direct
Damage: $2.1 billion (1972 USD)
Areas affected: Yucatan Peninsula, Western Cuba, East Coast of the United States, Pennsylvania, Atlantic Canada, Iceland, British Isles",,
9,https://en.wikipedia.org/wiki/Typhoon_Alex_(1987),"Formed: July 21, 1987 (July 21, 1987)
Dissipated: August 2, 1987 (August 2, 1987)
Highest winds: 120 km/h (75 mph)
Lowest pressure: 970 hPa (mbar); 28.64 inHg
Fatalities: 126
Damage: >$1.8 million (1987 USD)
Areas affected: Taiwan, central China, South Korea",,
10,https://en.wikipedia.org/wiki/Tropical_Storm_Ampil,"Formed: July 17, 2018
Dissipated: July 26, 2018
Highest winds: 100 km/h (65 mph)
Lowest pressure: 982 hPa (mbar); 29.00 inHg
Fatalities: 1 total
Economic losses: RMB 1.63 billion (US$246,000,000 in 2018)
Areas affected: Ryukyu Islands, East and Northeast China",,
11,https://en.wikipedia.org/wiki/Hurricane_Danielle_(2022),"Formed: September 1, 2022
Extratropical: September 8, 2022
Dissipated: September 15, 2022
Highest winds: 85 mph (140 km/h)
Lowest pressure: 972 mbar (hPa); 28.70 inHg
Fatalities: None
Damage: Unspecified
Areas affected: Azores, Portugal",,
12,https://en.wikipedia.org/wiki/Dome_Fire_(2020),"Location: San Bernardino County, California, United States
Coordinates: 35deg18'04''N 115deg35'53''W / 35.301degN 115.598degW / 35.301; -115.598
Cost: US$2.2 million (suppression cost only)
Date(s): August 15 -August 24, 2020
Burned area: 43,273 acres (17,512 ha)
Cause: Lightning
Buildings destroyed: 6",,
13,https://en.wikipedia.org/wiki/Cyclone_Luban,"Formed: October 6, 2018
Dissipated: October 15, 2018
Highest winds: 155 km/h (100 mph)
Lowest pressure: 959 hPa (mbar); 28.32 inHg
Fatalities: 14 total
Damage: $1 billion (2018 USD)
Areas affected: Oman, Somalia, Yemen",,
14,https://en.wikipedia.org/wiki/Palmer_Fire,"Location: Beaumont, California, United States
Date(s): September 2, 2017 (2017-09-02) - September 6, 2017 (2017-09-06)
Burned area: 3,874 acres (16 km2)
Cause: Fireworks",,
15,https://en.wikipedia.org/wiki/Tropical_Storm_Erika,"Formed: August 24, 2015
Remnant low: August 28, 2015
Dissipated: September 3, 2015
Highest winds: 50 mph (85 km/h)
Lowest pressure: 1001 mbar (hPa); 29.56 inHg
Fatalities: 35
Damage: $511 million (2015 USD)
Areas affected: Antilles (particularly Dominica), The Bahamas, Florida",,
16,https://en.wikipedia.org/wiki/2008_South_China_floods,"Duration: 26 May 2008 (2008-05-26)-14 June 2008 (2008-06-14)
Fatalities: more than 200 dead or missing
Damage: $2.2 billion[1][2]
Areas affected: Sichuan
Guangdong
Jiangxi
Guangxi
Guizhou
Yunnan
Hong Kong",,
17,https://en.wikipedia.org/wiki/2003_Canberra_bushfires,"Location: Canberra, Australian Capital Territory
Cost: $350 million
Date(s): 8-21 January 2003
Cause: Lightning strikes in Brindabella and Namadgi National Parks
Land use: Urban/rural fringe areas, farmland and forest reserves
Buildings destroyed: 488
Deaths: 4
Non-fatal injuries: 435",,
18,https://en.wikipedia.org/wiki/Typhoon_Mawar_(2005),"First system formed: January 13, 2005
Last system dissipated: December 21, 2005
Name: Haitang
* Maximum winds: 195 km/h (120 mph)(10-minute sustained)
* Lowest pressure: 920 hPa (mbar)
Total depressions: 33
Total storms: 23
Typhoons: 13
Super typhoons: 3 (unofficial)
Total fatalities: 630 total
Total damage: $9.73 billion  (2005 USD)",,
19,https://en.wikipedia.org/wiki/Typhoon_Olive_(1971),"Formed: July 29, 1971
Dissipated: August 10, 1971
Highest winds: 1-minute sustained:  155 km/h (100 mph)
Lowest pressure: 935 hPa (mbar); 27.61 inHg
Fatalities: 90 confirmed, 7 missing
Damage: Unknown
Areas affected: Caroline Islands, Northern Mariana Islands, Ryukyu Islands, Korea, Japan, South Sakhalin, Kuril Islands",,
20,https://en.wikipedia.org/wiki/Tropical_Storm_Jerry_(2001),"First system formed: June 5, 2001
Last system dissipated: December 4, 2001
By maximum sustained winds: Iris
* Maximum winds: 140 mph (220 km/h)(1-minute sustained)
* Lowest pressure: 933 mbar (hPa; 27.55 inHg)
By central pressure: Michelle
Total depressions: 17
Total storms: 15
Hurricanes: 9
Major hurricanes(Cat. 3+): 4
Total fatalities: 153 total
Total damage: $11.94 billion  (2001 USD)",,
21,https://en.wikipedia.org/wiki/Tropical_Storm_Delfina,"Formed: December 30, 2002
Dissipated: January 1, 2003
Highest winds: 10-minute sustained:  95 km/h (60 mph) 1-minute sustained:  100 km/h (65 mph)
Lowest pressure: 984 hPa (mbar); 29.06 inHg
Fatalities: 54 direct
Damage: $3.5 million (2002 USD)
Areas affected: Mozambique, Malawi",,
22,https://en.wikipedia.org/wiki/Tropical_Depression_Eight_(1981),"Formed: August 26, 1981
Dissipated: August 29, 1981
Highest winds: 35 mph (55 km/h)
Lowest pressure: 1004 mbar (hPa); 29.65 inHg
Fatalities: 5
Damage: $56.2 million (1981 USD)
Areas affected: Mexico, Southern United States",,
23,https://en.wikipedia.org/wiki/2020_East_Africa_floods,"Date: March-May 2020
Location: Rwanda 
Kenya 
Somalia 
Burundi 
Ethiopia 
Uganda 
Democratic Republic of the Congo 
Djibouti 

Tanzania
Deaths: 453 in total
237 in Kenya
97 in Rwanda
44 in the Democratic Republic of the Congo
34 in Ethiopia
21 in Somalia
11 in Uganda
8 in Djibouti
1 in Burundi",,
24,https://en.wikipedia.org/wiki/North_American_blizzard_of_1966,"Type: BlizzardWinter stormNor'easter
Formed: January 27, 1966
Dissipated: January 31, 1966
Maximum snowfallor ice accretion: 103 inches (260 cm) Oswego, New York
Fatalities: 201",,
25,https://en.wikipedia.org/wiki/2021_European_floods,"Date: 12-25 July 2021
Location: AustriaBelgiumCzech RepublicCroatiaFranceGermanyItalyLuxembourgNetherlandsRomaniaSwitzerlandUnited Kingdom
Deaths: 243
196 in Germany[1]
43 in Belgium[2]
two in Romania[3]
one in Italy[4]
one in Austria[5]
Property damage: EUR54 billion (2021 Euro)[6]
200,000 properties left without power[7]",,
26,https://en.wikipedia.org/wiki/Typhoon_Xangsane_(2000),"Formed: October 24, 2000
Extratropical: November 1, 2000
Dissipated: November 2, 2000
Highest winds: 165 km/h (105 mph)
Lowest pressure: 960 hPa (mbar); 28.35 inHg
Fatalities: 187 total
Damage: $527 million (2000 USD)
Areas affected: Caroline Islands, Philippines, Taiwan, Japan",,
27,https://en.wikipedia.org/wiki/2019_Pune_flood,"Date: 25 September 2019 (2019-09-25) - 28 September 2019 (2019-09-28)
Duration: 3 days
Location: Pune, India
Coordinates: 18deg31'29.61''N 73deg43'22.36''E / 18.5248917degN 73.7228778degE / 18.5248917; 73.7228778
Type: Flash flood
Deaths: 22[1]",,
28,https://en.wikipedia.org/wiki/Boulder_Fire,"Location: Guinda,San Luis Obispo County,California
Coordinates: 35deg20'38''N 119deg54'49''W / 35.343761degN 119.913717degW / 35.343761; -119.913717
Date(s): June 5, 2019 (2019-06-05) - June 5, 2019 (2019-06-05)
Burned area: 1,127 acres (456 ha)
Cause: Under investigation",,
29,https://en.wikipedia.org/wiki/Tropical_Storm_Matthew_(2010),"Formed: September 23, 2010
Remnant low: September 26, 2010
Dissipated: September 28, 2010
Highest winds: 60 mph (95 km/h)
Lowest pressure: 998 mbar (hPa); 29.47 inHg
Fatalities: 126 direct
Missing: 17
Damage: $171 million (2010 USD)
Areas affected: Venezuela, Central America, Mexico, Jamaica",,
30,https://en.wikipedia.org/wiki/Typhoon_Dot_(1985),"Formed: October 13, 1985
Dissipated: October 22, 1985
Highest winds: 280 km/h (175 mph)
Lowest pressure: 895 hPa (mbar); 26.43 inHg
Fatalities: 90
Damage: $105 million (1985 USD)
Areas affected: Philippines, Hainan, Vietnam",,
31,https://en.wikipedia.org/wiki/Typhoon_Phanfone_(2014),"Formed: September 28, 2014
Post-tropical: October 6, 2014
Dissipated: October 12, 2014
Highest winds: 250 km/h (155 mph)
Lowest pressure: 922 hPa (mbar); 27.23 inHg
Fatalities: 11 total
Damage: $100 million (2014 USD)
Areas affected: Mariana Islands, Japan, Alaska",,
32,https://en.wikipedia.org/wiki/Tropical_Storm_Helene_(2000),"Formed: September 15, 2000
Dissipated: September 25, 2000
Highest winds: 70 mph (110 km/h)
Lowest pressure: 986 mbar (hPa); 29.12 inHg
Fatalities: 1 direct, 1 indirect
Damage: $16 million (2000 USD)
Areas affected: Lesser Antilles, Puerto Rico, Hispaniola, Jamaica, Cuba, Isle of Youth, Eastern United States, Atlantic Canada",,
33,https://en.wikipedia.org/wiki/Cyclone_Hollanda,"Formed: 6 February 1994 (1994-02-06)
Dissipated: 15 February 1994 (1994-02-15)
Highest winds: 10-minute sustained:  155 km/h (100 mph) 1-minute sustained:  195 km/h (120 mph)
Lowest pressure: 940 hPa (mbar); 27.76 inHg
Fatalities: 2 total
Damage: $135 million (1994 USD)
Areas affected: Mauritius, Reunion",,
34,https://en.wikipedia.org/wiki/Hurricane_Erick_(2013),"Formed: July 4, 2013
Dissipated: July 9, 2013
Highest winds: 80 mph (130 km/h)
Lowest pressure: 983 mbar (hPa); 29.03 inHg
Fatalities: 2
Missing: 2
Damage: Minimal
Areas affected: Southwestern Mexico, Western Mexico, Baja California Peninsula",,
35,https://en.wikipedia.org/wiki/Typhoon_Phanfone,"Formed: December 19, 2019
Dissipated: December 29, 2019
Highest winds: 195 km/h (120 mph)
Lowest pressure: 958 hPa (mbar); 28.29 inHg
Fatalities: 50 total
Missing: 55
Damage: $67.2 million (2019 USD)
Areas affected: Caroline Islands, Philippines",,
36,https://en.wikipedia.org/wiki/2014_Southeast_Europe_floods,"Date: 13 May 2014 - 27 May 2014
Location: Serbia  Bosnia and Herzegovina  Croatia Romania
Deaths: At least 86
57 in Serbia[1]
24 in Bosnia and Herzegovina[2]2 in Croatia[3][4] 2 in Romania[5][6]
1 in Slovakia[7]
Property damage: More than one billion euros[8]",,
37,https://en.wikipedia.org/wiki/Typhoon_Kujira_(2009),"Formed: May 1, 2009
Extratropical: May 7, 2009
Dissipated: May 13, 2009
Highest winds: 215 km/h (130 mph)
Lowest pressure: 937 hPa (mbar); 27.67 inHg
Fatalities: 28 direct
Missing: 1
Damage: >=$27 million (2009 USD)
Areas affected: Philippines, Russian Far East",,
38,https://en.wikipedia.org/wiki/Tropical_Storm_Haiyan_(2007),"First system formed: January 5, 2007
Last system dissipated: November 29, 2007
Name: Sepat
* Maximum winds: 205 km/h (125 mph)(10-minute sustained)
* Lowest pressure: 910 hPa (mbar)
Total depressions: 44, 1 unofficial
Total storms: 24
Typhoons: 14
Super typhoons: 5[a]
Total fatalities: 463 total
Total damage: $7.73 billion  (2007 USD)",,
39,https://en.wikipedia.org/wiki/Typhoon_Nesat_(2022),"First system formed: January 27, 2022
Last system dissipated: December 12, 2022
Name: Nanmadol
* Maximum winds: 195 km/h (120 mph)(10-minute sustained)
* Lowest pressure: 910 hPa (mbar)
Total depressions: 37
Total storms: 25
Typhoons: 10
Super typhoons: 3 (unofficial)[nb 1]
Total fatalities: 498 total
Total damage: $4.59 billion  (2022 USD)",,
40,https://en.wikipedia.org/wiki/Tropical_Storm_Cristobal_(2008),"Formed: July 19, 2008
Dissipated: July 23, 2008
Highest winds: 65 mph (100 km/h)
Lowest pressure: 998 mbar (hPa); 29.47 inHg
Fatalities: None reported
Damage: $10,000 (2008 USD)
Areas affected: Florida, The Carolinas, Atlantic Canada",,
41,https://en.wikipedia.org/wiki/Tropical_Storm_Usagi_(2018),"Formed: November 13, 2018
Dissipated: November 27, 2018
Highest winds: 165 km/h (105 mph)
Lowest pressure: 971 hPa (mbar); 28.67 inHg
Fatalities: 4
Damage: $40.8 million
Areas affected: Marshall Islands, Caroline Islands, Philippines, Vietnam",,
42,https://en.wikipedia.org/wiki/McNally_Fire,"Location: Sequoia National Forest, Tulare County, California
Cost: $45.7 million (2002 USD)
Date(s): July 21, 2002 (2002-07-21) - August 29, 2002 (2002-08-29)
Burned area: 150,696 acres (610 km2)
Cause: Abandoned campfire
Buildings destroyed: 17
Deaths: Unknown
Non-fatal injuries: Unknown",,
43,https://en.wikipedia.org/wiki/Hurricane_Polo_(2014),"First system formed: May 22, 2014
Last system dissipated: November 5, 2014
Name: Marie
* Maximum winds: 160 mph (260 km/h)(1-minute sustained)
* Lowest pressure: 918 mbar (hPa; 27.11 inHg)
Total depressions: 23
Total storms: 22
Hurricanes: 16 (record high, tied with 1990, 1992 and 2015)
Major hurricanes(Cat. 3+): 9
Total fatalities: 50 total
Total damage: >= $1.52 billion  (2014 USD)(Fifth-costilest Pacific hurricane season on record)",,
44,https://en.wikipedia.org/wiki/Hurricane_Carrie,"Formed: September 2, 1957
Extratropical: September 23, 1957
Dissipated: September 28, 1957
Highest winds: 140 mph (220 km/h)
Lowest pressure: 945 mbar (hPa); 27.91 inHg
Fatalities: 83
Areas affected: Bermuda, Azores, British Isles, France",,
45,https://en.wikipedia.org/wiki/Tropical_Storm_Fran_(1984),"Formed: September 15, 1984
Dissipated: September 20, 1984
Highest winds: 65 mph (100 km/h)
Lowest pressure: 994 mbar (hPa); 29.35 inHg
Fatalities: 29-32
Damage: $2.8 million (1984 USD)
Areas affected: Cape Verde Islands",,
46,https://en.wikipedia.org/wiki/Cerro_Grande_Fire,"Location: Los Alamos, New Mexico
Total area: 43,000 acres (170 km2)
Cost: USD $1 billion (2000)
Date(s): May 4 - July 20, 2000
Cause: Controlled Burn going out of control",,
47,https://en.wikipedia.org/wiki/Hurricane_Julia_(2010),"Formed: September 12, 2010
Extratropical: September 20, 2010
Dissipated: September 28, 2010
Highest winds: 140 mph (220 km/h)
Lowest pressure: 948 mbar (hPa); 27.99 inHg
Fatalities: None reported
Damage: Minimal
Areas affected: Cape Verde Islands",,
48,https://en.wikipedia.org/wiki/Typhoon_Agnes_(1984),"Formed: October 30, 1984
Dissipated: November 9, 1984
Highest winds: 220 km/h (140 mph)
Lowest pressure: 925 hPa (mbar); 27.32 inHg
Fatalities: 1,029 total
Missing: 273
Damage: $90.7 million (1984 USD)
Areas affected: PhilippinesVietnam",,
49,https://en.wikipedia.org/wiki/Cyclone_Asani,"Formed: May 7, 2022
Dissipated: May 12, 2022
Highest winds: 120 km/h (75 mph)
Lowest pressure: 976 hPa (mbar); 28.82 inHg
Fatalities: 3
Damage: >$1.57 million (2022 USD)
Areas affected: India (Andhra Pradesh, Tamil Nadu, Karnataka, Odisha, Andaman and Nicobar Islands)",,
50,https://en.wikipedia.org/wiki/Long_Hollow_Fire,"Location: Dufur, Oregon, United States
Coordinates: 45deg23'46''N 121deg01'59''W / 45.396degN 121.033degW / 45.396; -121.033
Date(s): July 26, 2018 (2018-07-26) - August 14, 2018 (2018-08-14)
Burned area: 78,425 acres (317 km2)
Cause: Human
Land use: Agriculture",,
51,https://en.wikipedia.org/wiki/2021_Islamabad_flooding,"Date: 28 July 2021
Location: Islamabad, Pakistan
Cause: Cloudburst
Deaths: 2",,
52,https://en.wikipedia.org/wiki/Hurricane_Fred_(2015),"Formed: August 30, 2015
Dissipated: September 6, 2015
Highest winds: 85 mph (140 km/h)
Lowest pressure: 986 mbar (hPa); 29.12 inHg
Fatalities: 9 direct
Damage: $2.5 million (2015 USD)
Areas affected: West Africa, Cape Verde",,
53,https://en.wikipedia.org/wiki/Substation_Fire,"Location: Private land, The Dalles, Oregon, United States
Coordinates: 45deg34'34''N 121deg06'11''W / 45.576degN 121.103degW / 45.576; -121.103
Date(s): July 17, 2018 (2018-07-17) - August 2, 2018 (2018-08-02)
Burned area: 78,425 acres (317 km2)
Cause: Unknown
Land use: Private",,
54,https://en.wikipedia.org/wiki/2014_Bulgarian_floods,"Date: 17-20 June 2014 (3 days)
Location: Bulgaria
Varna Province
Dobrich Province
Veliko Tarnovo Province
Shumen Province
 Romania

Constanta County
Deaths: 16
Property damage: 311,000,000+ Euros[1][2][3][4]",,
55,https://en.wikipedia.org/wiki/Hurricane_Elsa,"Formed: June 30, 2021
Extratropical: July 9, 2021
Dissipated: July 10, 2021
Highest winds: 85 mph (140 km/h)
Lowest pressure: 991 mbar (hPa); 29.26 inHg
Fatalities: 13
Damage: $1.2 billion (2021 USD)
Areas affected: Lesser Antilles, Greater Antilles, Venezuela, Colombia, East Coast of the United States, Atlantic Canada",,
56,https://en.wikipedia.org/wiki/January_2008_North_American_storm_complex,"Type: Extratropical cycloneSuperstormCoastal stormWinter stormBlizzardTornado outbreak
Formed: December 29, 2007 (2nd storm formed)
Dissipated: January 22, 2008 (3rd storm dissipated)[1]
Highest gust: 165 mph (266 km/h) at Tahoe City, California
Lowest pressure: 956 millibars (28.2 inHg)[2]
Tornadoesconfirmed: 55 confirmed
Max. rating1: EF3 tornado
Maximum snowfallor ice accretion: 132 inches (340 cm) of snow at Kirkwood Ski Resort, California[3]
Maximum rainfall: 10 inches (250 mm) of rain in Loma Prieta, California [4]
37.7-foot (11.5 m) waves[5]
Fatalities: At least 16 fatalities1 missing[citation needed]
Damage: At least $129 million[6]
Power outages: >1.2 million[7]
Areas affected: Eastern Russia, Alaska, Contiguous United States, Canada, Northern Mexico, Iceland, United Kingdom, Northern Europe, European Russia",,
57,https://en.wikipedia.org/wiki/Hurricane_Brenda_(1973),"Formed: August 18, 1973
Dissipated: August 22, 1973
Highest winds: 90 mph (150 km/h)
Lowest pressure: 977 mbar (hPa); 28.85 inHg
Fatalities: 10
Areas affected: Cayman Islands, Mexico",,
58,https://en.wikipedia.org/wiki/Cyclone_Herwart,"Area affected: Denmark, Germany, Poland, Czech Republic, Austria, Slovakia, Hungary.[1]
Date of impact: 29 October 2017
Maximum wind gust: 182 km/h (113 mph) (Lucni bouda)[2]
Lowest pressure: 970 hPa (29 inHg)[3]
Fatalities: 11[4]",,
59,https://en.wikipedia.org/wiki/2008_Chinese_winter_storms,"Type: Series of low pressure systems and cold snap
Formed: 25 January 2008[1]
Dissipated: 6 February 2008
Fatalities: at least 129
Damage: At least 151.65 billion Chinese yuan ($21.94 billion US$)[2]
Areas affected: Hubei, Hunan, Zhejiang, Guizhou, Guangdong, Jiangxi, Guangxi, Fujian,  Henan, Shandong, Jiangsu, Anhui, Shanghai, Chongqing, Shanxi, Sichuan",,
60,https://en.wikipedia.org/wiki/Manzanita_Fire,"Location: San Jacinto Mountains, Riverside County, California
Coordinates: 33deg52'48''N 116deg59'50''W / 33.88degN 116.997183degW / 33.88; -116.997183
Date(s): June 26, 2017 (2017-06-26) - June 30, 2017 (2017-06-30)
Burned area: 6,309 acres (26 km2)
Cause: Traffic Collision and subsequent fire
Non-fatal injuries: 2",,
61,https://en.wikipedia.org/wiki/Tropical_Storm_Kompasu_(2021),"Formed: October 7, 2021
Dissipated: October 14, 2021
Highest winds: 110 km/h (70 mph)
Lowest pressure: 979 hPa (mbar); 28.91 inHg
Fatalities: 44 total
Damage: $245 million (2021 USD)
Areas affected: Philippines, Taiwan, South China (particularly Hainan Island), Vietnam, Thailand",,
62,https://en.wikipedia.org/wiki/Hurricane_How,"Formed: September 28, 1951
Dissipated: October 8, 1951
Highest winds: 100 mph (155 km/h)
Lowest pressure: 972 mbar (hPa); 28.70 inHg
Fatalities: 17 total
Damage: $2 million (1951 USD)
Areas affected: Florida, Outer Banks, Virginia, New England",,
63,https://en.wikipedia.org/wiki/Hurricane_Ignacio_(2003),"Formed: August 22, 2003
Dissipated: August 27, 2003
Highest winds: 105 mph (165 km/h)
Lowest pressure: 970 mbar (hPa); 28.64 inHg
Fatalities: 4
Damage: $21.2 million (2003 USD)
Areas affected: Baja California Peninsula, Sonora, California",,
64,https://en.wikipedia.org/wiki/1933_Texas_tropical_storm,"Formed: July 14, 1933
Extratropical: July 23
Dissipated: July 27, 1933
Highest winds: 50 mph (85 km/h)
Lowest pressure: 999 mbar (hPa); 29.50 inHg
Damage: $1.5 million (1933 USD)
Areas affected: Jamaica, Belize, Yucatan Peninsula, South-Central United States",,
65,https://en.wikipedia.org/wiki/Cyclone_Magda,"Formed: 18 January 2010
Dissipated: 24 January 2010
Highest winds: 10-minute sustained:  130 km/h (80 mph) 1-minute sustained:  120 km/h (75 mph) Gusts:  185 km/h (115 mph)
Lowest pressure: 975 hPa (mbar); 28.79 inHg
Fatalities: None reported
Areas affected: Western Australia",,
66,https://en.wikipedia.org/wiki/Hurricane_Cristobal,"Formed: August 23, 2014
Extratropical: August 29, 2014
Dissipated: September 2, 2014
Highest winds: 85 mph (140 km/h)
Lowest pressure: 965 mbar (hPa); 28.50 inHg
Fatalities: 7
Damage: Unknown
Areas affected: Puerto Rico, Hispaniola, Turks and Caicos Islands, East Coast of the United States, Bermuda, Iceland",,
67,https://en.wikipedia.org/wiki/Tropical_Storm_Dujuan_(2021),"Formed: February 16, 2021
Dissipated: February 23, 2021
Highest winds: 85 km/h (50 mph)
Lowest pressure: 991 hPa (mbar); 29.26 inHg
Fatalities: 1
Missing: 4
Damage: $3.29 million (2021 USD)
Areas affected: Palau, Philippines",,
68,https://en.wikipedia.org/wiki/Hurricane_Earl_(2022),"Formed: September 2, 2022
Extratropical: September 10, 2022
Dissipated: September 15, 2022
Highest winds: 110 mph (175 km/h)
Lowest pressure: 948 mbar (hPa); 27.99 inHg
Fatalities: 4 total
Damage: Minimal
Areas affected: Puerto Rico, Bermuda, Newfoundland, British Isles",,
69,https://en.wikipedia.org/wiki/Hurricane_Linda_(2015),"Formed: September 5, 2015
Remnant low: September 10, 2015
Dissipated: September 14, 2015
Highest winds: 125 mph (205 km/h)
Lowest pressure: 950 mbar (hPa); 28.05 inHg
Fatalities: 22 total
Damage: $3.59 million
Areas affected: Sinaloa, Oaxaca, Zacatecas, Revillagigedo Islands, Southwestern United States",,
70,https://en.wikipedia.org/wiki/1775_Newfoundland_hurricane,"Formed: August 29, 1775
Dissipated: September 9, 1775
Fatalities: 4,000<-4,163 + (8th deadliest Atlantic-basin hurricane in recorded history)
Areas affected: North Carolina, Virginia, Newfoundland",,
71,https://en.wikipedia.org/wiki/Hurricane_Iris,"Formed: October 4, 2001
Dissipated: October 9, 2001
Highest winds: 145 mph (230 km/h)
Lowest pressure: 948 mbar (hPa); 27.99 inHg
Fatalities: 36 direct
Damage: $250 million (2001 USD)
Areas affected: Windward Islands, Hispaniola, Jamaica, Honduras, Belize, Guatemala, Eastern Mexico",,
72,https://en.wikipedia.org/wiki/Hurricane_Floyd,"Formed: September 7, 1999
Extratropical: September 17, 1999
Dissipated: September 19, 1999
Highest winds: 155 mph (250 km/h)
Lowest pressure: 921 mbar (hPa); 27.20 inHg
Fatalities: 85
Damage: $6.5 billion (1999 USD)
Areas affected: Lucayan Archipelago, East Coast of the United States, Atlantic Canada",,
73,https://en.wikipedia.org/wiki/Bond_Fire,"Location: Santiago Canyon, Orange County, California
Coordinates: 33deg46'37''N 117deg38'17''W / 33.777degN 117.638degW / 33.777; -117.638
Date(s): December 2, 2020 (2020-12-02) - December 10, 2020 (2020-12-10)
Burned area: 6,686 acres (2,706 ha)
Cause: House fire
Buildings destroyed: 31
Non-fatal injuries: 2",,
74,https://en.wikipedia.org/wiki/Cyclone_Ernest,"Formed: January 16, 2005 (2005-01-16)
Dissipated: January 25, 2005 (2005-01-26)Extratropical after January 24
Highest winds: 10-minute sustained:  165 km/h (105 mph) 1-minute sustained:  185 km/h (115 mph)
Lowest pressure: 950 hPa (mbar); 28.05 inHg
Fatalities: 78 total
Areas affected: Mayotte, Madagascar",,
75,https://en.wikipedia.org/wiki/Mangum_Fire,"Location: Kaibab National Forest near Fredonia, Arizona
Coordinates: 36deg39'58''N 112deg12'45''W / 36.66611degN 112.21250degW / 36.66611; -112.21250
Date(s): June 8, 2020 (2020-06-08)-July 7, 2020 (2020-07-07)
Burned area: 71,450 acres (289 km2)
Cause: Under investigation (human)
Buildings destroyed: 4
Deaths: 0
Non-fatal injuries: 0",,
76,https://en.wikipedia.org/wiki/Cyclone_Pam,"Formed: 6 March 2015 (6 March 2015)
Extratropical: 15 March 2015
Dissipated: 20 March 2015 (20 March 2015)
Highest winds: 280 km/h (175 mph)
Lowest pressure: 911 hPa (mbar); 26.90 inHg
Fatalities: 15-16 total
Damage: $692 million(Costliest in Vanuatu history)[1]
Areas affected: Fiji, Kiribati, Solomon Islands, Tuvalu, Vanuatu, New Caledonia, New Zealand",,
77,https://en.wikipedia.org/wiki/Kincade_Fire,"Location: John Kincade Road and Burned Mountain Road, northeast of Geyserville, Sonoma County, California, United States
Coordinates: 38deg47'33''N 122deg46'48''W / 38.792458degN 122.780053degW / 38.792458; -122.780053
Date(s): October 23, 2019 (2019-10-23) - November 6, 2019 (2019-11-06)
Burned area: 77,758 acres (31,468 ha)[1]
Cause: electrical transmission lines located northeast of Geyserville owned and operated by PG&E[3]
Buildings destroyed: 374[1]
Non-fatal injuries: 4[1]",,
78,https://en.wikipedia.org/wiki/Tropical_Storm_Talas_(2017),"Formed: July 14, 2017
Dissipated: July 17, 2017
Highest winds: 95 km/h (60 mph)
Lowest pressure: 985 hPa (mbar); 29.09 inHg
Fatalities: 14 total
Damage: $118 million (2017 USD)
Areas affected: Vietnam, South China, Laos, Thailand, Myanmar",,
79,https://en.wikipedia.org/wiki/2022_Dallas_floods,"Date: July 24-August 27, 2022
Location: Greater St. Louis, Central Appalachia, Southern and Southwestern United States
Deaths: 44 deaths (Kentucky: 38 direct, 2 indirect; Missouri: 2; Texas: 1; Utah: 1)[1][2][3][4][5]
Property damage: $1.2 billion (Kentucky and Missouri only)[6]",,
80,https://en.wikipedia.org/wiki/Typhoon_Kyle_(1993),"Formed: November 18, 1993
Dissipated: November 23, 1993
Highest winds: 175 km/h (110 mph)
Lowest pressure: 960 hPa (mbar); 28.35 inHg
Fatalities: 110 confirmed
Missing: 59
Damage: >$1.5 million (1993 USD)
Areas affected: Caroline Islands
Palau
Yap
Philippines
Vietnam
Cambodia
Thailand",,
81,https://en.wikipedia.org/wiki/Typhoon_Morakot,"Formed: August 2, 2009
Dissipated: August 11, 2009
Highest winds: 150 km/h (90 mph)
Lowest pressure: 954 hPa (mbar); 28.17 inHg
Fatalities: 789
Damage: $6.2 billion (2009 USD)
Areas affected: Philippines, Japan, Taiwan, China, Korea",,
82,https://en.wikipedia.org/wiki/Cyclone_Quimburga,"Type: European windstormExtratropical cyclone
Formed: 11 November 1972[1]
Dissipated: Unknown
Highest gust: 245 km/h (152 mph)[1]
Lowest pressure: 953 hPa (28.1 inHg)[2]
Fatalities: 54[3][4]
Areas affected: Newfoundland, British Isles, France, Germany, Netherlands, Belgium, Italy, Switzerland, Austria, Denmark, Poland",,
83,https://en.wikipedia.org/wiki/Hurricane_Irma,"Formed: August 30, 2017
Remnant low: September 12, 2017
Dissipated: September 13, 2017
Highest winds: 180 mph (285 km/h)
Lowest pressure: 914 mbar (hPa); 26.99 inHg
Fatalities: 52 direct, 82 indirect (134 total)
Damage: $77.2 billion (2017 USD)
Areas affected: Cape Verde, Leeward Islands (especially Barbuda, Saint Barthelemy, Anguilla, Saint Martin and the Virgin Islands), Greater Antilles (Cuba and Puerto Rico), Turks and Caicos Islands, Jamaica, The Bahamas, Eastern United States (especially Florida)",,
84,https://en.wikipedia.org/wiki/Hurricane_Ginny,"Formed: October 16, 1963
Dissipated: October 29, 1963
Highest winds: 110 mph (175 km/h)
Lowest pressure: 948 mbar (hPa); 27.99 inHg
Fatalities: 3 related
Damage: $500,000 (1963 USD)
Areas affected: Hispaniola, Lucayan Archipelago, East Coast of the United States, Atlantic Canada",,
85,https://en.wikipedia.org/wiki/Cyclone_Niran,"Formed: 27 February 2021
Extratropical: 6 March 2021
Dissipated: 8 March 2021
Highest winds: 260 km/h (160 mph)
Highest gusts: 285 km/h (180 mph)
Lowest pressure: 917 hPa (mbar); 27.08 inHg
Fatalities: None
Damage: >$200 million (2021 USD)
Areas affected: Queensland, New Caledonia, Vanuatu",,
86,https://en.wikipedia.org/wiki/2022_South_Korean_floods,,,
87,https://en.wikipedia.org/wiki/Typhoon_Gene,"Formed: September 22, 1990 (September 22, 1990)
Extratropical: September 30
Dissipated: October 1, 1990 (October 1, 1990)
Highest winds: 150 km/h (90 mph)
Lowest pressure: 950 hPa (mbar); 28.05 inHg
Fatalities: 6 direct
Damage: $158 million (1990 USD)
Areas affected: Japan",,
88,https://en.wikipedia.org/wiki/Sandalwood_Fire,"Location: Riverside County, California
Coordinates: 33deg59'41''N 117deg03'47''W / 33.994661degN 117.063106degW / 33.994661; -117.063106
Date(s): October 10, 2019 (2019-10-10) - October 14, 2019 (2019-10-14)
Burned area: 1,011 acres (409 ha)
Buildings destroyed: 74 structures destroyed, 16 damaged
Deaths: 2
Non-fatal injuries: 3",,
89,https://en.wikipedia.org/wiki/Hurricane_Fiona,"Formed: September 14, 2022
Extratropical: September 23, 2022
Dissipated: September 27, 2022
Highest winds: 140 mph (220 km/h)
Lowest pressure: 931 mbar (hPa); 27.49 inHg
Fatalities: 29
Damage: >=$3.09 billion (2022 USD)(Costliest tropical cyclone in Canadian history)
Areas affected: Leeward Islands, Puerto Rico, Dominican Republic, Lucayan Archipelago, Bermuda, Atlantic Canada, Saint Pierre and Miquelon, Greenland",,
90,https://en.wikipedia.org/wiki/Hurricane_Ike,"Formed: September 1, 2008 (2008-09-01)
Extratropical: September 14, 2008 (2008-09-14)
Dissipated: September 15, 2008 (2008-09-15)
Highest winds: 145 mph (230 km/h)
Lowest pressure: 935 mbar (hPa); 27.61 inHg
Fatalities: 214
Damage: $38 billion (2008 USD)
Areas affected: Lucayan Archipelago
Hispaniola
Cuba
Cayman Islands
Texas
South Central United States
Great Lakes region
Canada",,
91,https://en.wikipedia.org/wiki/Cyclone_Trina,"Formed: November 29, 2001
Dissipated: December 3, 2001
Highest winds: 10-minute sustained:  65 km/h (40 mph) 1-minute sustained:  65 km/h (40 mph) Gusts:  100 km/h (65 mph)
Lowest pressure: 995 hPa (mbar); 29.38 inHg
Fatalities: None reported
Damage: $52,000 (2001 USD)
Areas affected: Rarotonga and Mangaia",,
92,https://en.wikipedia.org/wiki/1933_Trinidad_hurricane,"Formed: June 24, 1933 (June 24, 1933)
Dissipated: July 8, 1933 (July 8, 1933)
Highest winds: 110 mph (175 km/h)
Lowest pressure: 965 mbar (hPa); 28.50 inHg
Fatalities: 35 total
Damage: $7.2 million (1933 USD)
Areas affected: Leeward Islands (Trinidad landfall), Venezuela, Cuba, Mexico",,
93,https://en.wikipedia.org/wiki/Cyclone_Ockhi,"Formed: November 29, 2017
Extratropical: December 4, 2017
Dissipated: December 6, 2017
Highest winds: 185 km/h (115 mph)
Lowest pressure: 948 hPa (mbar); 27.99 inHg
Fatalities: 318
Missing: 141
Damage: $920 million (2017 USD)
Areas affected: Southern India, Sri Lanka and Maldives",,
94,https://en.wikipedia.org/wiki/Hurricane_Bob_(1979),"Formed: July 9, 1979 (July 9, 1979)
Dissipated: July 16, 1979 (July 16, 1979)
Highest winds: 75 mph (120 km/h)
Lowest pressure: 986 mbar (hPa); 29.12 inHg
Fatalities: 1
Damage: $20 million (1979 USD)
Areas affected: Louisiana
Mississippi
Tennessee
Kentucky
Indiana
Ohio",,
95,https://en.wikipedia.org/wiki/Cyclone_Idai,"Formed: 4 March 2019 (2019-03-04)
Remnant low: 16 March 2019 (2019-03-16)
Dissipated: 21 March 2019 (2019-03-21)
Highest winds: 215 km/h (130 mph)
Highest gusts: 280 km/h (175 mph)
Lowest pressure: 947 hPa (mbar); 27.96 inHg
Fatalities: 1,593 total[nb 1][nb 2](Deadliest tropical cyclone in the South-West Indian Ocean, second-deadliest tropical cyclone recorded in the Southern Hemisphere)
Missing: >=2,262
Damage: $3.3 billion (2019 USD)(Costliest tropical cyclone in the South-West Indian Ocean)
Areas affected: northern and central Mozambique
Malawi
northern Madagascar
Zimbabwe",,
96,https://en.wikipedia.org/wiki/February_flood_of_1825,,,
97,https://en.wikipedia.org/wiki/Cyclone_Gombe,"Formed: 5 March 2022
Dissipated: 17 March 2022
Highest winds: 185 km/h (115 mph)
Lowest pressure: 960 hPa (mbar); 28.35 inHg
Fatalities: 72
Damage: $95 million (2022 USD)
Areas affected: Madagascar, Mozambique, Malawi",,
98,https://en.wikipedia.org/wiki/Hurricane_Alice_(December_1954),"Formed: December 30, 1954 (1954-12-30)
Dissipated: January 6, 1955 (1955-01-07)
Highest winds: 90 mph (150 km/h)
Lowest pressure: 980 mbar (hPa); 28.94 inHg
Fatalities: None
Damage: $623,000 (1954 USD)
Areas affected: Lesser Antilles",,
99,https://en.wikipedia.org/wiki/1899_San_Ciriaco_hurricane,"Duration: 4 weeks
Formed: August 3, 1899
Extratropical: September 4, 1899
Dissipated: September 12, 1899
Highest winds: 150 mph (240 km/h)
Lowest pressure: 930 mbar (hPa); 27.46 inHg
Fatalities: 3,855 direct
Damage: $20 million (1899 USD)
Areas affected: Leeward Islands, Puerto Rico, Hispaniola, Turks and Caicos Islands, Cuba, Bahamas, East Coast of the United States (Landfall in North Carolina), Atlantic Canada, Azores",,
100,https://en.wikipedia.org/wiki/Hurricane_Cleo,"Formed: August 21, 1964
Dissipated: September 5, 1964
Highest winds: 150 mph (240 km/h)
Lowest pressure: 938 mbar (hPa); 27.70 inHg
Fatalities: 156 total
Damage: $187 million (1964 USD)
Areas affected: Lesser Antilles, Greater Antilles (particularly Haiti), Southeast United States",,
101,https://en.wikipedia.org/wiki/Black_Sunday_(storm),,,
102,https://en.wikipedia.org/wiki/Tropical_Storm_Norman_(2006),"Formed: October 9, 2006
Dissipated: October 15, 2006
Highest winds: 50 mph (85 km/h)
Lowest pressure: 1000 mbar (hPa); 29.53 inHg
Fatalities: None reported
Areas affected: Southwestern Mexico, Western Mexico",,
103,https://en.wikipedia.org/wiki/Hurricane_Michael,"Formed: October 7, 2018
Extratropical: October 11, 2018
Dissipated: October 16, 2018
Highest winds: 160 mph (260 km/h)
Lowest pressure: 919 mbar (hPa); 27.14 inHg
Fatalities: 74
Damage: $25.5 billion (2018 USD)
Areas affected: Central America, Yucatan Peninsula, Cayman Islands, Cuba, Southeastern United States (especially the Florida Panhandle and Georgia), Eastern United States, Eastern Canada, Iberian Peninsula",,
104,https://en.wikipedia.org/wiki/2006%E2%80%932007_Southeast_Asian_floods,"Duration: 18 December 2006 - 13 January 2007
Fatalities: 118
Damage: $395 million
Areas affected: Malaysia (Johor, Malacca, Pahang and Negeri Sembilan), Singapore and Indonesia (Aceh and North Sumatra)",,
105,https://en.wikipedia.org/wiki/Cyclone_Raja,"Formed: 21 December 1986 (1986-12-21)
Extratropical: 1 January 1987 (1987-01-01)
Dissipated: 5 January 1987 (1987-01-05)
Highest winds: 165 km/h (105 mph)
Lowest pressure: 955 hPa (mbar); 28.20 inHg
Fatalities: 2 confirmed
Damage: $14 million (1987 USD)
Areas affected: Fiji, Tonga, Tuvalu, Wallis and Futuna",,
106,https://en.wikipedia.org/wiki/Hurricane_Frank_(2010),"Formed: August 21, 2010
Remnant low: August 28, 2010
Dissipated: August 29, 2010
Highest winds: 90 mph (150 km/h)
Lowest pressure: 978 mbar (hPa); 28.88 inHg
Fatalities: 6
Damage: $8.3 million
Areas affected: Southwestern Mexico, Western Mexico",,
107,https://en.wikipedia.org/wiki/Typhoon_Nalgae_(2011),"Formed: September 26, 2011
Dissipated: October 5, 2011
Highest winds: 240 km/h (150 mph)
Lowest pressure: 926 hPa (mbar); 27.34 inHg
Fatalities: 18 total
Damage: $250 million (2011 USD)
Areas affected: PhilippinesChinaVietnamThailand",,
108,https://en.wikipedia.org/wiki/Typhoon_Billie_(1959),"Formed: July 12, 1959 (July 12, 1959)
Dissipated: July 18, 1959 (July 18, 1959)
Lowest pressure: 970 hPa (mbar); 28.64 inHg
Highest winds: 165 km/h (105 mph)
Fatalities: 51 direct, 68 indirect
Damage: $500,000 (1959 USD)
Areas affected: Philippines, Taiwan, China, Japan, South Korea",,
109,https://en.wikipedia.org/wiki/Hurricane_Edouard_(1996),"Formed: August 19, 1996
Extratropical: September 3, 1996
Dissipated: September 7, 1996
Highest winds: 145 mph (230 km/h)
Lowest pressure: 933 mbar (hPa); 27.55 inHg
Fatalities: 2 direct
Damage: $20 million (1996 USD)
Areas affected: East Coast of the United States, Atlantic Canada",,
110,https://en.wikipedia.org/wiki/Late_December_2012_North_American_storm_complex,"Type: Extratropical cycloneNor'easterBlizzardTornado outbreak
Formed: December 17, 2012[1]
Dissipated: December 31, 2012[2]
Highest winds: 150 mph (240 km/h)(Pennington, TX EF3)
Highest gust: 74 mph (119 km/h) (excluding tornadoes)
Lowest pressure: 968[3] mb (28.59 inHg)
Tornadoesconfirmed: 31 confirmed
Max. rating1: EF3 tornado
Largest hail: 1 inch (2.5 cm) in diameter (Three locations in Texas on December 25)
Maximum snowfallor ice accretion: 27 in (69 cm), Woodford, Vermont
Fatalities: 16 fatalities, at least 24 injured
Damage: >$150 million
Areas affected: Alaska, Contiguous United StatesWestern CanadaEastern CanadaBermudaIrelandUnited Kingdom",,
111,https://en.wikipedia.org/wiki/Tropical_Storm_Fernand_(2019),"Formed: September 3, 2019
Dissipated: September 5, 2019
Highest winds: 50 mph (85 km/h)
Lowest pressure: 1000 mbar (hPa); 29.53 inHg
Fatalities: 1 total
Damage: $11.3 million (2019 USD)
Areas affected: Northern Mexico, South Texas",,
112,https://en.wikipedia.org/wiki/Tropical_Storm_Doria,"Formed: August 20, 1971
Dissipated: August 29, 1971
Highest winds: 65 mph (100 km/h)
Lowest pressure: 989 mbar (hPa); 29.21 inHg
Fatalities: 7 direct
Damage: $148 million (1971 USD)
Areas affected: East Coast of the United States, Canada",,
113,https://en.wikipedia.org/wiki/Typhoon_Man-yi_(2013),"Formed: September 11, 2013
Extratropical: September 16, 2013
Dissipated: September 20, 2013
Highest winds: 110 km/h (70 mph)
Lowest pressure: 978 hPa (mbar); 28.88 inHg
Fatalities: 6 total
Damage: $1.62 billion (2013 USD)
Areas affected: Japan",,
114,https://en.wikipedia.org/wiki/Great_Flood_of_1771,,,
115,https://en.wikipedia.org/wiki/Tropical_Depression_One_(1988),"Formed: May 31, 1988
Dissipated: June 2, 1988
Highest winds: 30 mph (45 km/h)
Lowest pressure: 1002 mbar (hPa); 29.59 inHg
Fatalities: 37
Areas affected: Cuba, Florida",,
116,https://en.wikipedia.org/wiki/Hurricane_Matthew,"Formed: September 28, 2016
Extratropical: October 9, 2016
Dissipated: October 10, 2016
Highest winds: 165 mph (270 km/h)
Lowest pressure: 934 mbar (hPa); 27.58 inHg
Fatalities: 603 total
Damage: $16.5 billion (2016 USD)
Areas affected: Windward Islands, Leeward Antilles, Venezuela, Colombia, Greater Antilles (Jamaica, Hispaniola, Puerto Rico, Cuba), Lucayan Archipelago (Turks and Caicos Islands, The Bahamas), Southeastern United States, Atlantic Canada",,
117,https://en.wikipedia.org/wiki/January_2013_Northwest_Pacific_cyclone,"Formed: January 13, 2013
Dissipated: January 21, 2013
Highest winds: 29.2 m/s (105 km/h) in Choshi, Japan[1](10-minute winds 90 mph (140 km/h), 1-minute winds 100 mph (160 km/h))
Highest gusts: 38.6 m/s (139 km/h) in Miyake-jima, Japan[2]
Lowest pressure: 936 hPa (mbar); 27.64 inHg
Fatalities: 1
Areas affected: Taiwan, Japan, Russian Far East",,
118,https://en.wikipedia.org/wiki/Hurricane_Danny_(2003),"First system formed: April 20, 2003
Last system dissipated: December 11, 2003
Name: Isabel
* Maximum winds: 165 mph (270 km/h)(1-minute sustained)
* Lowest pressure: 915 mbar (hPa; 27.02 inHg)
Total depressions: 21
Total storms: 16
Hurricanes: 7
Major hurricanes(Cat. 3+): 3
Total fatalities: 93 total
Total damage: $4.42 billion  (2003 USD)",,
119,https://en.wikipedia.org/wiki/Storm_Carmel,"Area affected: Greece, Cyprus, Israel
Date of impact: 16 December 2021 - 22 December 2021
Maximum wind gust: 107 km/h (66 mph; 58 kn)
Fatalities: 4 dead, 1 Injured
Power outages: Unknown",,
120,https://en.wikipedia.org/wiki/Hurricane_Rick_(2021),"Formed: October 22, 2021
Dissipated: October 25, 2021
Highest winds: 105 mph (165 km/h)
Lowest pressure: 977 mbar (hPa); 28.85 inHg
Fatalities: 1 total
Damage: $26.1 million
Areas affected: Southwestern and Western Mexico",,
121,https://en.wikipedia.org/wiki/Hurricane_Kenneth_(2005),"Formed: September 14, 2005
Dissipated: September 30, 2005
Highest winds: 130 mph (215 km/h)
Lowest pressure: 947 mbar (hPa); 27.96 inHg
Fatalities: None
Damage: Unspecified
Areas affected: Hawaii",,
122,https://en.wikipedia.org/wiki/Tropical_Storm_Charley_(1998),"Formed: August 21, 1998
Dissipated: August 24, 1998
Highest winds: 70 mph (110 km/h)
Lowest pressure: 1000 mbar (hPa); 29.53 inHg
Fatalities: 20 direct, 6 missing
Damage: $50 million (1998 USD)
Areas affected: Texas, Mexico",,
123,https://en.wikipedia.org/wiki/Hurricane_Gert,"Formed: September 14, 1993
Dissipated: September 26, 1993
Highest winds: 100 mph (155 km/h)
Lowest pressure: 970 mbar (hPa); 28.64 inHg
Fatalities: 116
Missing: 16
Damage: $170 million (1993 USD)
Areas affected: Costa Rica, Nicaragua, Honduras, El Salvador, Guatemala, Belize, Mexico",,
124,https://en.wikipedia.org/wiki/Hurricane_Martha,"Formed: November 21, 1969
Dissipated: November 25, 1969
Highest winds: 90 mph (150 km/h)
Lowest pressure: 979 mbar (hPa); 28.91 inHg
Fatalities: 5 direct
Damage: $30 million (1969 USD)
Areas affected: Panama, Costa Rica",,
125,https://en.wikipedia.org/wiki/Hurricane_Felicia_(2009),"Formed: August 3, 2009
Dissipated: August 11, 2009
Highest winds: 145 mph (230 km/h)
Lowest pressure: 935 mbar (hPa); 27.61 inHg
Fatalities: None
Damage: Minimal
Areas affected: Hawaii",,
126,"https://en.wikipedia.org/wiki/February_25%E2%80%9327,_2010_North_American_blizzard","Type: Extratropical cycloneWinter stormBlizzard
Formed: February 24, 2010
Dissipated: February 27, 2010(exited to sea)
Lowest pressure: 972 mb (28.70 inHg)
Maximum snowfallor ice accretion: 53.0 inches (135 cm) - Potter Hollow, New York[1]
Fatalities: 1 death
Areas affected: Mid-Atlantic region, New England states, West Virginia, Eastern Canada",,
127,https://en.wikipedia.org/wiki/Typhoon_Melor,"Formed: December 10, 2015
Dissipated: December 17, 2015
Highest winds: 230 km/h (145 mph)
Lowest pressure: 929 hPa (mbar); 27.43 inHg
Fatalities: 51 total
Damage: $148 million (2015 USD)
Areas affected: Caroline Islands, Philippines",,
128,https://en.wikipedia.org/wiki/2016_Ethiopian_flood,"Date: 6 April 2016
Location: Ethiopia
Deaths: 202+",,
129,https://en.wikipedia.org/wiki/Hurricane_Lili,"Formed: September 21, 2002
Dissipated: October 4, 2002
Highest winds: 145 mph (230 km/h)
Lowest pressure: 938 mbar (hPa); 27.70 inHg
Fatalities: 15
Damage: $1.16 billion (2002 USD)
Areas affected: Windward Islands, Haiti, Jamaica, Cuba, Yucatan Peninsula, Cayman Islands, Louisiana",,
130,https://en.wikipedia.org/wiki/Hurricane_Karen_(2001),"Formed: October 12, 2001
Dissipated: October 15, 2001
Highest winds: 80 mph (130 km/h)
Lowest pressure: 982 mbar (hPa); 29.00 inHg
Fatalities: None
Damage: $1.4 million (2001 USD)
Areas affected: Bermuda, Atlantic Canada",,
131,https://en.wikipedia.org/wiki/Storm_Alex,"Type: Extratropical cycloneEuropean windstorm
Formed: 30 September 2020 (2020-09-30)
Dissipated: 3 October 2020 (2020-10-03)
Highest gust: 187 km/h (116 mph) at Belle-Ile, France
Lowest pressure: 969 mb (28.61 inHg)
Fatalities: 16 fatalities
Power outages: 115,000
Areas affected: United Kingdom, Spain, Portugal, France, Italy, Austria, Poland, Czech Republic",,
132,https://en.wikipedia.org/wiki/Tropical_Storm_Warren_(1984),"Formed: October 23, 1984
Remnant low: October 31, 1984
Dissipated: November 2, 1984
Highest winds: 120 km/h (75 mph)
Lowest pressure: 980 hPa (mbar); 28.94 inHg
Fatalities: 73 total
Damage: $239,000
Areas affected: Philippines",,
133,https://en.wikipedia.org/wiki/Tropical_Storm_Winona_(1990),"Formed: August 4, 1990 (August 4, 1990)
Extratropical: August 11, 1990 (August 11, 1990)
Dissipated: August 14, 1990 (August 14, 1990)
Highest winds: 120 km/h (75 mph)
Lowest pressure: 975 hPa (mbar); 28.79 inHg
Fatalities: 1 reported
Damage: $60.3 million (1990 USD)
Areas affected: Japan",,
134,https://en.wikipedia.org/wiki/1925_Florida_tropical_storm,"Formed: November 27, 1925
Dissipated: December 1, 1925
Highest winds: 65 mph (100 km/h)
Lowest pressure: 995 mbar (hPa); 29.38 inHg
Fatalities: 73 direct
Damage: $3 million (1925 USD)
Areas affected: Eastern United States, Cuba and Honduras",,
135,https://en.wikipedia.org/wiki/Typhoon_Nina_(1987),"Formed: November 19, 1987
Dissipated: November 30, 1987
Highest winds: 270 km/h (165 mph)
Lowest pressure: 930 hPa (mbar); 27.46 inHg
Fatalities: 1,036 total
Damage: >=$84.5 million (1987 USD)
Areas affected: Chuuk Lagoon, Philippines, China, Hong Kong, Macau",,
136,https://en.wikipedia.org/wiki/Cyclone_Laurence,"Formed: 8 December 2009
Dissipated: 23 December 2009
Highest winds: 10-minute sustained:  205 km/h (125 mph) 1-minute sustained:  240 km/h (150 mph) Gusts:  285 km/h (180 mph)
Lowest pressure: 925 hPa (mbar); 27.32 inHg
Fatalities: None reported
Damage: $9 million (2009 USD)
Areas affected: Northern Territory, South Australia and Western Australia",,
137,https://en.wikipedia.org/wiki/Tropical_Storm_Vicente_(2018),"Formed: October 19, 2018
Dissipated: October 23, 2018
Highest winds: 50 mph (85 km/h)
Lowest pressure: 1002 mbar (hPa); 29.59 inHg
Fatalities: 16 total
Damage: Unknown
Areas affected: Central America, Southwestern Mexico",,
138,https://en.wikipedia.org/wiki/Cyclone_Giri,"Formed: October 20, 2010
Dissipated: October 23, 2010
Highest winds: 250 km/h (155 mph)
Lowest pressure: 922 hPa (mbar); 27.23 inHg
Fatalities: 157 direct, 10 indirect
Damage: $359 million (2010 USD)
Areas affected: Myanmar, Bangladesh, Thailand, Yunnan",,
139,https://en.wikipedia.org/wiki/Tropical_Storm_Laura_(2008),"Formed: September 29, 2008
Extratropical: October 1
Dissipated: October 4, 2008
Highest winds: 60 mph (95 km/h)
Lowest pressure: 994 mbar (hPa); 29.35 inHg(990 mbar (29.53 inHg) while extratropical)
Fatalities: None
Damage: Minimal
Areas affected: Azores, Atlantic Canada, Greenland, Europe",,
140,https://en.wikipedia.org/wiki/Cyclone_Debbie,"Formed: 23 March 2017
Remnant low: 30 March 2017
Dissipated: 7 April 2017
Highest winds: 215 km/h (130 mph)
Lowest pressure: 937 hPa (mbar); 27.67 inHg
Fatalities: 14 total
Damage: $2.73 billion (2017 USD)(Second-costliest tropical cyclone in the Australian region basin)
Areas affected: Queensland, New South Wales, New Zealand",,
141,https://en.wikipedia.org/wiki/Typhoon_Fanapi,"Formed: September 14, 2010
Dissipated: September 21, 2010
Highest winds: 195 km/h (120 mph)
Lowest pressure: 944 hPa (mbar); 27.88 inHg
Fatalities: 105 total
Damage: $1 billion (2010 USD)
Areas affected: Japan, Taiwan, China",,
142,https://en.wikipedia.org/wiki/1932_Freeport_hurricane,"Formed: August 12, 1932 (1932-08-12)
Dissipated: August 15, 1932 (1932-08-16)
Highest winds: 150 mph (240 km/h)
Lowest pressure: 935 mbar (hPa); 27.61 inHg
Fatalities: 40
Damage: $7.5 million (1932 USD)
Areas affected: South Central U.S.",,
143,https://en.wikipedia.org/wiki/Typhoon_Nabi,"Formed: August 29, 2005
Extratropical: September 8, 2005
Dissipated: September 12, 2005
Highest winds: 260 km/h (160 mph)
Lowest pressure: 898 hPa (mbar); 26.52 inHg
Fatalities: 35 total
Damage: $972 million (2005 USD)
Areas affected: Northern Mariana IslandsGuamJapanSouth KoreaRussian Far EastAlaska",,
144,https://en.wikipedia.org/wiki/Hurricane_Klaus_(1990),"Formed: October 3, 1990
Dissipated: October 9, 1990
Highest winds: 80 mph (130 km/h)
Lowest pressure: 985 mbar (hPa); 29.09 inHg
Fatalities: 11 direct
Damage: >$1 million (1990 USD)
Areas affected: Lesser Antilles, Puerto Rico, Hispaniola, Turks and Caicos Islands, Bahamas, Southeastern United States",,
145,https://en.wikipedia.org/wiki/2015_Accra_floods,,,
146,https://en.wikipedia.org/wiki/Hurricane_Gustav,"Formed: August 25, 2008
Extratropical: September 4, 2008
Dissipated: September 7, 2008
Highest winds: 155 mph (250 km/h)
Lowest pressure: 941 mbar (hPa); 27.79 inHg
Fatalities: 153
Damage: $8.31 billion (2008 USD)
Areas affected: Lesser Antilles, Greater Antilles, United States Gulf Coast, Oklahoma, Arkansas, Tennessee, Missouri, Illinois, Michigan",,
147,https://en.wikipedia.org/wiki/Tropical_Storm_Danielle_(1992),"Formed: September 22, 1992
Dissipated: September 26, 1992
Highest winds: 65 mph (100 km/h)
Lowest pressure: 1001 mbar (hPa); 29.56 inHg
Fatalities: 2 direct
Areas affected: North Carolina, Virginia, Maryland, Delaware, New Jersey, Pennsylvania",,
148,https://en.wikipedia.org/wiki/Boundary_Waters%E2%80%93Canadian_derecho,"Duration: 22 hours
Track length: 1,300 mi (2,090 km)
Peak wind gust  (measured): 90 mph (145 km/h; 40.2 m/s)
Fatalities: 4
Damage costs: >$100,000,000
Areas affected: Northern United States, southern Canada",,
149,https://en.wikipedia.org/wiki/Cyclone_John,"Formed: 9 December 1999
Dissipated: 16 December 1999
Highest winds: 240 km/h (150 mph)
Lowest pressure: 915 hPa (mbar); 27.02 inHg
Fatalities: None
Damage: Unknown
Areas affected: Western Australia",,
150,https://en.wikipedia.org/wiki/Tropical_Storm_Beatriz_(1993),"First system formed: June 11, 1993
Last system dissipated: October 14, 1993
Name: Lidia
* Maximum winds: 150 mph (240 km/h)(1-minute sustained)
* Lowest pressure: 930 mbar (hPa; 27.46 inHg)
Total depressions: 18
Total storms: 15
Hurricanes: 11
Major hurricanes(Cat. 3+): 9
Total fatalities: 50 total
Total damage: $45 million  (1993 USD)",,
151,https://en.wikipedia.org/wiki/1966_Venice_flood,"Date: 4 November 1966 (1966-11-04)
Location: Venice, Italy",,
152,https://en.wikipedia.org/wiki/Typhoon_Nari_(2013),"Formed: October 8, 2013
Dissipated: October 16, 2013
Highest winds: 185 km/h (115 mph)
Lowest pressure: 948 hPa (mbar); 27.99 inHg
Fatalities: 93 total
Damage: $289.6 million (2013 USD)
Areas affected: Philippines, Vietnam, Laos, Thailand, Cambodia",,
153,https://en.wikipedia.org/wiki/Cyclone_Orson,"Formed: 17 April 1989
Remnant low: 23 April 1989
Dissipated: 24 April 1989
Highest winds: 260 km/h (160 mph)
Lowest pressure: 904 hPa (mbar); 26.70 inHg (Fourth lowest pressure in Australian basin)[1]
Fatalities: 5 direct
Damage: $16.8 million (1989 USD)
Areas affected: Western Australia",,
154,https://en.wikipedia.org/wiki/Typhoon_Judy_(1982),"Formed: September 4, 1982
Extratropical: September 12, 1982
Dissipated: September 15, 1982
Highest winds: 165 km/h (105 mph)
Lowest pressure: 955 hPa (mbar); 28.20 inHg
Fatalities: 26
Missing: 8
Damage: $505 million (2023 USD)
Areas affected: Japan",,
155,https://en.wikipedia.org/wiki/Tropical_Storm_Linda_(1997),"Formed: October 31, 1997
Dissipated: November 9, 1997
Highest winds: 120 km/h (75 mph)
Lowest pressure: 985 hPa (mbar); 29.09 inHg
Fatalities: 3,275 total
Damage: $385 million
Areas affected: Philippines, Malaysia, Indonesia, Brunei, Vietnam, Cambodia, Thailand, Burma",,
156,https://en.wikipedia.org/wiki/Hurricane_Pali,"Formed: January 7, 2016
Remnant low: January 14, 2016
Dissipated: January 15, 2016
Highest winds: 100 mph (155 km/h)
Lowest pressure: 978 mbar (hPa); 28.88 inHg
Fatalities: 4 total
Damage: Unknown
Areas affected: Kiribati",,
157,https://en.wikipedia.org/wiki/Typhoon_Nock-ten,"Formed: December 20, 2016
Dissipated: December 28, 2016
Highest winds: 260 km/h (160 mph)
Lowest pressure: 918 hPa (mbar); 27.11 inHg
Fatalities: 13
Damage: $123 million (2016 USD)
Areas affected: Caroline Islands, Philippines, Vietnam",,
158,https://en.wikipedia.org/wiki/Hurricane_Maria_(2011),"Formed: September 6, 2011
Extratropical: September 16
Dissipated: September 18, 2011
Highest winds: 80 mph (130 km/h)
Lowest pressure: 983 mbar (hPa); 29.03 inHg
Fatalities: None reported
Damage: $1.3 million (2011 USD)
Areas affected: Lesser Antilles, Bermuda, Newfoundland, Europe",,
159,https://en.wikipedia.org/wiki/Typhoon_Nora_(1973),"Formed: October 2, 1973
Remnant low: October 10, 1973
Dissipated: October 11, 1973
Lowest pressure: 875 hPa (mbar); 25.84 inHgSecond-lowest in Western Pacific basin, tied with Typhoon June in 1975
Highest winds: 295 km/h (185 mph)
Fatalities: 40 total
Missing: 28
Damage: $2 million (1973 USD)
Areas affected: Philippines, Taiwan, Eastern China, Hong Kong",,
160,https://en.wikipedia.org/wiki/Typhoon_Jebi,"Formed: August 26, 2018
Extratropical: September 5, 2018
Dissipated: September 9, 2018
Highest winds: 285 km/h (180 mph)
Lowest pressure: 907 hPa (mbar); 26.78 inHg
Fatalities: 21 total
Damage: $14 billion (2018 USD)(Third-costliest typhoon on record in nominal terms)
Areas affected: Northern Mariana Islands, Taiwan, Japan, Russian Far East",,
161,https://en.wikipedia.org/wiki/Hurricane_Beatriz_(2011),"Formed: June 19, 2011
Dissipated: June 22, 2011
Highest winds: 90 mph (150 km/h)
Lowest pressure: 977 mbar (hPa); 28.85 inHg
Fatalities: 4
Damage: None
Areas affected: Southwestern Mexico",,
162,https://en.wikipedia.org/wiki/Tropical_Storm_Sinlaku_(2020),"Formed: July 31, 2020
Dissipated: August 3, 2020
Highest winds: 85 km/h (50 mph)
Lowest pressure: 989 hPa (mbar); 29.21 inHg
Fatalities: 4 total
Damage: $12.9 million (2020 USD)
Areas affected: Philippines, Vietnam, Thailand, Laos",,
163,https://en.wikipedia.org/wiki/Cyclone_Alby,"Formed: 27 March 1978
Dissipated: 5 April 1978
Highest winds: 10-minute sustained:  205 km/h (125 mph) 1-minute sustained:  215 km/h (130 mph)
Lowest pressure: 930 hPa (mbar); 27.46 inHg
Fatalities: 2 direct, 3 indirect
Damage: $45 million (1978 USD)
Areas affected: Western Australia",,
164,https://en.wikipedia.org/wiki/Cyclone_Anne_(2014),"Type: European windstorm
Formed: 1 January 2014
Dissipated: 6 January 2014
Lowest pressure: 945 mb (27.9 inHg)
Damage: EUR75 million
Areas affected: Republic of Ireland, United Kingdom, France, Channel Islands, Isle of Man, Spain, Portugal",,
165,https://en.wikipedia.org/wiki/Hurricane_Gert_(1999),"Formed: September 11, 1999
Dissipated: September 23, 1999
Highest winds: 150 mph (240 km/h)
Lowest pressure: 930 mbar (hPa); 27.46 inHg
Fatalities: 2 direct
Damage: $1.9 million (1999 USD)
Areas affected: Bermuda, Maine, Atlantic Canada",,
166,https://en.wikipedia.org/wiki/2013_North_India_floods,"Location: Uttarakhand  Himachal Pradesh  Uttar Pradesh  Nepal  Sudurpashchim Pradesh  Karnali Pradesh  Some parts of Tibet
Deaths: 6,054[1]
Property damage: 4,550 villages were affected [2]",,
167,https://en.wikipedia.org/wiki/2015_Northern_Chile_floods_and_mudflow,"Date: 23 March 2015 (2015-03-23) - 25 March 2015 (2015-03-25)
Location: Atacama, Antofagasta, Coquimbo regions,  Chile.
Deaths: 26 (125 missing)
Property damage: 28,108 houses damaged or lost",,
168,https://en.wikipedia.org/wiki/Storm_Eunice,"Formed: 17 February 2022
Dissipated: 19 February 2022
Highest gusts: 196 km/h (122 mph; 106 kn) at The Needles, Isle of Wight
Fatalities: 17
Netherlands: 4
Poland: 4
Germany: 3
United Kingdom: 3
Belgium: 2
Ireland: 1
Damage: >EUR1.83 billion**PS360 million (EUR432.2 million; UK)[1]
EUR900 million (Germany)[2]
EUR500 million (Netherlands)[citation needed]
Areas affected: Belgium, Czech Republic, Denmark, France, Germany, Ireland, Lithuania, Netherlands, Poland, United Kingdom
Power outages: 3,100,000 at peak[3][4][5][6]",,
169,https://en.wikipedia.org/wiki/Hurricane_Betsy_(1956),"Formed: August 9, 1956 (1956-08-09)
Dissipated: August 18, 1956 (1956-08-19)
Highest winds: 120 mph (195 km/h)
Lowest pressure: 954 mbar (hPa); 28.17 inHg
Fatalities: 37
Damage: $50 million (1956 USD)
Areas affected: Lesser Antilles, U.S. Virgin Islands, Puerto Rico, Hispaniola, Bahamas, East Coast of the United States",,
170,"https://en.wikipedia.org/wiki/February_9%E2%80%9311,_2017_North_American_blizzard","Type: Extratropical cycloneWinter stormBomb cycloneNor'easterBlizzard
Formed: February 6, 2017 (2017-02-06)
Dissipated: February 11, 2017 (2017-02-11)
Highest winds: 43 mph (69 km/h) 2 mi (3 km) NE of Hyannis, Massachusetts[1]
Highest gust: 70 mph (110 km/h) 2 mi (3 km) NE of Hyannis, Massachusetts[1]
Lowest pressure: 969 mb (28.61 inHg)
Maximum snowfallor ice accretion: 24.0 in (61 cm) near Cooper, Maine
Fatalities: 1 death
Damage: Unknown
Power outages: 80,000+
Areas affected: Central Plains, Midwest, Ohio Valley, Northeast (Mid-Atlantic states, especially the New England states), Atlantic Canada, Greenland",,
171,https://en.wikipedia.org/wiki/2013_Argentina_floods,"Date: 1-3 April 2013
Location: Greater Buenos Aires
Greater La Plata
Deaths: 101",,
172,https://en.wikipedia.org/wiki/Late_March_2016_North_American_blizzard,"Type: Extratropical cycloneWinter stormIce stormBlizzard
Formed: March 21, 2016 (2016-03-21)
Dissipated: March 26, 2016 (2016-03-26)[1]
Lowest pressure: 989 mb (29.21 inHg)
Maximum snowfallor ice accretion: 32.5 in (83 cm) near Kittredge, Colorado
Fatalities: 2 fatalities
Power outages: 200,000+
Areas affected: High Plains, Central United States, New England",,
173,https://en.wikipedia.org/wiki/Hurricane_Tico,"Formed: October 11, 1983
Dissipated: October 24, 1983
Highest winds: 130 mph (215 km/h)
Fatalities: 141
Damage: $284 million (1983 USD)
Areas affected: MexicoSouth Central United StatesEastern United States",,
174,https://en.wikipedia.org/wiki/1964_Rameswaram_cyclone,"Formed: December 18, 1964
Dissipated: December 26, 1964
Highest winds: 3-minute sustained:  240 km/h (150 mph) 1-minute sustained:  260 km/h (160 mph) Gusts:  280 km/h (175 mph)
Lowest pressure: <= 970 hPa (mbar); 28.64 inHg
Fatalities: At least 1,800 total
Damage: $150 million (1964 USD)
Areas affected: Ceylon, India",,
175,https://en.wikipedia.org/wiki/Hurricane_Charley_(1986),"Formed: August 15, 1986
Extratropical: August 20, 1986
Dissipated: August 30, 1986
Highest winds: 80 mph (130 km/h)
Lowest pressure: 987 mbar (hPa); 29.15 inHg
Fatalities: 15
Damage: >$15 million (1986 USD)(Total for United States only)
Areas affected: Southeastern United States, Mid-Atlantic states, Massachusetts, British Isles",,
176,https://en.wikipedia.org/wiki/2017_California_floods,"Date: January 7 - February 22, 2017[1][2]
Location: CaliforniaNevada
Deaths: At least 5 directly[3]
Property damage: >$1.55 billion
($1,850,488,732 today[4])

[3][2][5]",,
177,https://en.wikipedia.org/wiki/Cyclone_Monty,"Formed: February 23, 2004 (2004-02-23)
Dissipated: March 3, 2004 (2004-03-04)
Highest winds: 10-minute sustained:  185 km/h (115 mph) 1-minute sustained:  205 km/h (125 mph) Gusts:  215 km/h (130 mph)
Lowest pressure: 935 hPa (mbar); 27.61 inHg
Fatalities: None reported
Damage: Minimal
Areas affected: Western Australia",,
178,https://en.wikipedia.org/wiki/January_2016_United_States_blizzard,"Type: Extratropical cyclone Nor'easterWinter stormIce stormBlizzardTornado outbreak
Formed: January 19, 2016 (2016-01-19)
Dissipated: January 29, 2016 (2016-01-29)
Highest winds: 57 mph (92 km/h) at Assateague Island, Maryland
Highest gust: 85 mph (135 km/h)
Lowest pressure: 983 mb (29.03 inHg)
Tornadoesconfirmed: 6 on January 21
Max. rating1: EF2 tornado
Duration oftornado outbreak2: 2 hours, 42 minutes
Largest hail: 2.75 in (7.0 cm) in diameter in Wilmer, Louisiana
Maximum snowfallor ice accretion: Snow - 42 in (110 cm) on Glengary, West VirginiaIce - At least 0.75 in (19 mm) in western North Carolina
Fatalities: 55
Damage: $500 million - $3 billion in economic losses
Power outages: 631,000+ people affected
Areas affected: Pacific Northwest, Great Plains, South Central United States, Eastern United States (especially the Mid-Atlantic states), Atlantic Canada, British Isles, Finland",,
179,https://en.wikipedia.org/wiki/2021_Eurasia_winter_heatwave,"Type: Heat wave
Areas: Europe, Asia
Start date: 20 February 2021 (2021-02-20)
End date: 28 February 2021
Deaths: None",,
180,https://en.wikipedia.org/wiki/Typhoon_Nida_(2004),"Formed: May 13, 2004
Extratropical: May 21, 2004
Dissipated: May 22, 2004
Highest winds: 260 km/h (160 mph)
Lowest pressure: 898 hPa (mbar); 26.52 inHg
Fatalities: 31 direct
Damage: $1.3 million (2004 USD)
Areas affected: Philippines and Japan",,
181,https://en.wikipedia.org/wiki/2022_Southern_Cone_heat_wave,"Type: Heat wave
Areas: Argentina
Brazil
Paraguay
Uruguay
Start date: 10 January 2022 (2022-01-10)
End date: 26 January 2022
Deaths: 3",,
182,https://en.wikipedia.org/wiki/January_2012_Pacific_Northwest_snowstorm,"Type: Extratropical cycloneWinter stormBlizzardIce storm
Formed: January 16, 2012
Dissipated: January 20, 2012
Lowest pressure: 992 mb (29.3 inHg)
Maximum snowfallor ice accretion: 50 in (1,300 mm) snowfall -- reported in Mount Hood Meadows, Oregon
Fatalities: 3 fatalities
Damage: $50 million (2012 USD)
Power outages: 200,000
Areas affected: Washington, Oregon, California, Idaho, Wyoming, Utah, Montana, British Columbia",,
183,https://en.wikipedia.org/wiki/Hurricane_Dot_(1959),"Formed: August 1, 1959
Dissipated: August 8, 1959
Highest winds: 150 mph (240 km/h)
Lowest pressure: 952 mbar (hPa); 28.11 inHg
Fatalities: 2 indirect
Damage: $6 million (1959 USD)
Areas affected: Hawaii",,
184,https://en.wikipedia.org/wiki/1922_Shantou_typhoon,"Formed: July 27, 1922 (1922-07-27)
Dissipated: August 3, 1922 (1922-08-04)
Highest winds: 155 km/h (100 mph)
Lowest pressure: <=932 hPa (mbar); <=27.52 inHg
Fatalities: 50,000-100,000+
Areas affected: Northern Philippines, China",,
185,https://en.wikipedia.org/wiki/Tropical_Storm_Nestor_(2019),"Formed: October 18, 2019
Extratropical: October 19, 2019
Dissipated: October 21, 2019
Highest winds: 60 mph (95 km/h)
Lowest pressure: 996 mbar (hPa); 29.41 inHg
Fatalities: 3 indirect
Damage: $150 million (2019 USD)
Areas affected: Central America, Yucatan Peninsula, Southeastern United States",,
186,https://en.wikipedia.org/wiki/Hurricane_Orlene_(2022),"Formed: September 28, 2022
Dissipated: October 3, 2022
Highest winds: 130 mph (215 km/h)
Lowest pressure: 954 mbar (hPa); 28.17 inHg
Fatalities: None reported
Damage: $600,000 (2022 USD)
Areas affected: Northwestern Mexico",,
187,https://en.wikipedia.org/wiki/Hurricane_Rafael,"Formed: October 12, 2012
Extratropical: October 17
Dissipated: October 26, 2012
Highest winds: 90 mph (150 km/h)
Lowest pressure: 969 mbar (hPa); 28.61 inHg
Fatalities: 1 total
Damage: <=$2 million (2012 USD)
Areas affected: Lesser Antilles, Puerto Rico, Bermuda, Atlantic Canada, United States East Coast, Azores, Western Europe",,
188,https://en.wikipedia.org/wiki/Typhoon_Irma_(1981),"Formed: November 18, 1981
Dissipated: November 27, 1981
Highest winds: 250 km/h (155 mph)
Lowest pressure: 905 hPa (mbar); 26.72 inHg
Fatalities: 595
Damage: $63.3 million (1981 USD)
Areas affected: Philippines",,
189,https://en.wikipedia.org/wiki/Hurricane_Henri,"Formed: August 15, 2021
Post-tropical: August 23, 2021
Dissipated: August 24, 2021
Highest winds: 75 mph (120 km/h)
Lowest pressure: 986 mbar (hPa); 29.12 inHg
Fatalities: 2 direct
Damage: $700 million (2021 USD)
Areas affected: Bermuda, Northeastern United States, southern Nova Scotia",,
190,https://en.wikipedia.org/wiki/1876_San_Felipe_hurricane,"Formed: September 12, 1876 (1876-09-12)
Dissipated: September 19, 1876 (1876-09-19)
Highest winds: 120 mph (195 km/h)
Lowest pressure: 980 mbar (hPa); 28.94 inHg
Fatalities: 21
Areas affected: Antigua, St. Kitts, Virgin Islands, Puerto Rico, Hispaniola, the Carolinas",,
191,https://en.wikipedia.org/wiki/Hurricane_Tanya,"Formed: October 27, 1995
Extratropical: November 1
Dissipated: November 3, 1995
Highest winds: 85 mph (140 km/h)
Lowest pressure: 972 mbar (hPa); 28.70 inHg
Fatalities: 1 direct
Damage: Minimal
Areas affected: Azores",,
192,https://en.wikipedia.org/wiki/Independence_Day_Derecho_of_1977,"Date(s): July 4, 1977
Peak wind gust  (measured): 115 mph (185 km/h; 51.4 m/s) (Rhinelander, Wisconsin)",,
193,https://en.wikipedia.org/wiki/Early_2014_Sabah_floods,"Date: 13 January  - 18 February 2014[1]
Location: Interior Division and several other areas
Deaths: 2 confirmed dead[2]
Property damage: Millions of ringgit[3]",,
194,https://en.wikipedia.org/wiki/Tropical_Storm_Etau_(2009),"Formed: August 8, 2009
Extratropical: August 14, 2009
Dissipated: August 16, 2009
Highest winds: 75 km/h (45 mph)
Lowest pressure: 992 hPa (mbar); 29.29 inHg
Fatalities: 28 total
Damage: $87.5 million (2009 USD)
Areas affected: Japan (particularly Hyogo Prefecture)",,
195,https://en.wikipedia.org/wiki/1945_Outer_Banks_hurricane,"Formed: June 20, 1945 (1945-06-20)
Extratropical: June 27
Dissipated: July 4, 1945 (1945-06-05)
Highest winds: 100 mph (155 km/h)
Lowest pressure: <985 mbar (hPa); <29.09 inHg
Fatalities: 1
Damage: $75,000 (1945 USD)
Areas affected: Big Bend (Florida), Georgia and South Carolina, Outer Banks (North Carolina)",,
196,https://en.wikipedia.org/wiki/Tropical_Storm_Kiko_(2007),"Formed: October 15, 2007
Dissipated: October 23, 2007
Highest winds: 70 mph (110 km/h)
Lowest pressure: 991 mbar (hPa); 29.26 inHg
Fatalities: 15 direct
Missing: 9
Damage: None
Areas affected: Western Mexico",,
197,https://en.wikipedia.org/wiki/Typhoon_Talim_(2017),"Formed: September 8, 2017
Extratropical: September 17, 2017
Dissipated: September 22, 2017
Highest winds: 220 km/h (140 mph)
Lowest pressure: 933 hPa (mbar); 27.55 inHg
Fatalities: 5 total
Damage: $750 million (2017 USD)
Areas affected: Mariana Islands, Philippines, Taiwan, East China, Japan, Kamchatka Peninsula",,
198,https://en.wikipedia.org/wiki/Typhoon_Neoguri_(2014),"Formed: July 2, 2014
Extratropical: July 11, 2014
Dissipated: July 13, 2014
Highest winds: 260 km/h (160 mph)
Lowest pressure: 918 hPa (mbar); 27.11 inHg
Fatalities: 3 confirmed
Damage: $632 million (2014 USD)
Areas affected: Caroline Islands, Guam, Japan, South Korea",,
199,https://en.wikipedia.org/wiki/Typhoon_Skip,"Formed: November 3, 1988
Dissipated: November 12, 1988
Highest winds: 230 km/h (145 mph)
Lowest pressure: 950 hPa (mbar); 28.05 inHg
Fatalities: 237 total
Damage: $132 million
Areas affected: Philippines",,
200,https://en.wikipedia.org/wiki/Tropical_Storm_Abby_(1964),"Formed: August 5, 1964
Dissipated: August 8, 1964
Highest winds: 70 mph (110 km/h)
Lowest pressure: 1000 mbar (hPa); 29.53 inHg
Fatalities: None reported
Damage: $750,000 (1964 USD)
Areas affected: Louisiana and Texas",,
201,https://en.wikipedia.org/wiki/Tropical_Storm_Hermine_(2010),"Formed: September 3, 2010 (September 3, 2010)
Remnant low: September 9
Dissipated: September 10, 2010 (September 10, 2010)
Highest winds: 70 mph (110 km/h)
Lowest pressure: 989 mbar (hPa); 29.21 inHg
Fatalities: 52 direct, 50 indirect, 100 presumed dead
Damage: $740 million (2010 USD)
Areas affected: Central America
Mexico
Texas
Oklahoma
Kansas",,
202,https://en.wikipedia.org/wiki/Hurricane_Leslie_(2018),"Formed: 23 September 2018
Extratropical: 13 October 2018
Dissipated: 16 October 2018
Highest winds: 90 mph (150 km/h)
Lowest pressure: 968 mbar (hPa); 28.59 inHg
Fatalities: 17
Damage: >$500 million (2018 USD)
Areas affected: Azores, Bermuda, East Coast of the United States, Madeira, Iberian Peninsula, France",,
203,https://en.wikipedia.org/wiki/Typhoon_Kate_(1970),"Formed: October 14, 1970
Dissipated: October 25, 1970
Lowest pressure: 940 hPa (mbar); 27.76 inHg
Highest winds: 240 km/h (150 mph)
Fatalities: 631
Missing: 284
Damage: $50 million (1970 USD)
Areas affected: Philippines, Indonesia, Vietnam",,
204,https://en.wikipedia.org/wiki/Cyclone_Berguitta,"Formed: 11 January 2018 (11 January 2018)
Post-tropical: 19 January 2018
Dissipated: 24 January 2018 (24 January 2018)
Highest winds: 195 km/h (120 mph)
Highest gusts: 230 km/h (145 mph)
Lowest pressure: 950 hPa (mbar); 28.05 inHg
Fatalities: 2
Missing: 1
Economic losses: $107 million (2018 USD)
Areas affected: Mauritius, Reunion",,
205,https://en.wikipedia.org/wiki/Hurricane_Hilary_(1993),"Formed: August 17, 1993
Dissipated: August 27, 1993
Highest winds: 120 mph (195 km/h)
Lowest pressure: 957 mbar (hPa); 28.26 inHg
Fatalities: None
Damage: Minimal
Areas affected: Mexico
California
Iowa",,
206,https://en.wikipedia.org/wiki/2011_China_floods,"Date: June 4-27, 2011
Location: China
Deaths: 239 dead, 68 missing
Property damage: $6.65 billion USD",,
207,https://en.wikipedia.org/wiki/Cyclone_Ita,"Formed: 1 April 2014
Extratropical: 14 April 2014
Dissipated: 18 April 2014
Highest winds: 260 km/h (160 mph)
Highest gusts: 315 km/h (195 mph)
Lowest pressure: 918 hPa (mbar); 27.11 inHg
Fatalities: 40 total[nb 1]
Damage: $1.15 billion
Areas affected: Solomon Islands, Papua New Guinea, Queensland, New Zealand",,
208,https://en.wikipedia.org/wiki/Tropical_Storm_Kelly,"Formed: June 27, 1981
Dissipated: July 6, 1981
Highest winds: 140 km/h (85 mph)
Lowest pressure: 975 hPa (mbar); 28.79 inHg
Fatalities: 192 total
Damage: $7.8 million (1981 USD)
Areas affected: Philippines, China",,
209,https://en.wikipedia.org/wiki/1888_Moradabad_hailstorm,,,
210,https://en.wikipedia.org/wiki/2016_Maryland_flood,"Date: July 30, 2016
Location: Maryland, United States
Deaths: 2[1]
Property damage: $22.435 million (2016 USD)[2]",,
211,https://en.wikipedia.org/wiki/Typhoon_Cary_(1987),"Formed: August 7, 1987
Dissipated: August 24, 1987
Highest winds: 10-minute sustained:  140 km/h (85 mph) 1-minute sustained:  155 km/h (100 mph)
Lowest pressure: 960 hPa (mbar); 28.35 inHg
Fatalities: 25
Damage: $5.58 million (1987 USD)
Areas affected: Philippines, Hainan, Hong Kong, Vietnam",,
212,https://en.wikipedia.org/wiki/1998_Gujarat_cyclone,"Formed: June 4, 1998
Dissipated: June 10, 1998
Highest winds: 195 km/h (120 mph)
Lowest pressure: 958 hPa (mbar); 28.29 inHg
Fatalities: 1,173
Missing: 1,774
Damage: $3 billion
Areas affected: India and Pakistan",,
213,https://en.wikipedia.org/wiki/St._Lucia%27s_flood,,,
214,https://en.wikipedia.org/wiki/1933_Treasure_Coast_hurricane,"Formed: August 31, 1933 (1933-08-31)
Dissipated: September 7, 1933 (1933-09-08)
Highest winds: 140 mph (220 km/h)
Lowest pressure: <=945 mbar (hPa); <=27.91 inHg
Fatalities: 3 total
Damage: $3 million (1933 USD)
Areas affected: The Bahamas, Florida, Georgia, The Carolinas",,
215,https://en.wikipedia.org/wiki/Cyclone_Apollo,"Formed: 24 October 2021
Dissipated: 2 November 2021
Highest winds: 100 km/h (65 mph)
Lowest pressure: 999 hPa (mbar); 29.50 inHg
Fatalities: 7
Damage: >$245 million (2021 USD)
Areas affected: Algeria, Tunisia, Italy (especially Sicily), Malta, Libya, Cyprus, Turkey",,
216,https://en.wikipedia.org/wiki/Columbus_Day_Storm_of_1962,"Formed: September 28, 1962
Extratropical: October 10, 1962
Dissipated: October 17, 1962
Highest winds: 185 km/h (115 mph)
Lowest pressure: 960 hPa (mbar); 28.35 inHg
Highest gusts: 170 mph (270 km/h)
Fatalities: 46
Damage: $230 million (1962 USD)
Areas affected: Northern California, Pacific Northwest, Canada",,
217,https://en.wikipedia.org/wiki/Hurricane_Humberto_(2019),"Formed: September 13, 2019
Extratropical: September 19, 2019
Dissipated: September 20, 2019
Highest winds: 125 mph (205 km/h)
Lowest pressure: 950 mbar (hPa); 28.05 inHg
Fatalities: 2 total
Damage: >$25 million (2019 USD)
Areas affected: Bahamas, East Coast of the United States, Puerto Rico, Bermuda, Atlantic Canada",,
218,https://en.wikipedia.org/wiki/Tropical_Storm_Kirk_(2018),"Formed: September 22, 2018
Dissipated: September 28, 2018
Highest winds: 65 mph (100 km/h)
Lowest pressure: 998 mbar (hPa); 29.47 inHg
Fatalities: 2 total (presumed)
Damage: At least $440,000 (2018 USD)
Areas affected: Barbados, Windward Islands, Guadeloupe",,
219,https://en.wikipedia.org/wiki/Tropical_Storm_Josephine_(1996),"Formed: October 4, 1996 (October 4, 1996)
Extratropical: October 8
Dissipated: October 13, 1996 (October 13, 1996)
Highest winds: 70 mph (110 km/h)
Lowest pressure: 981 mbar (hPa); 28.97 inHg
Fatalities: 3 indirect
Damage: $130 million (1996 USD)
Areas affected: Southeastern United States, Mid-Atlantic, Northeastern United States, Atlantic Canada",,
220,https://en.wikipedia.org/wiki/Cyclone_Carmen,"Type: European windstormExtratropical cyclone
Formed: 7 November 2010
Dissipated: 19 November 2010
Highest gust: 100 mph (160 km/h) in Blackpool, England
Lowest pressure: 948 mb (28.0 inHg)
Fatalities: 13
Areas affected: Northern Europe",,
221,https://en.wikipedia.org/wiki/Typhoon_Mamie_(1985),"Formed: August 15, 1985
Dissipated: August 21, 1985
Highest winds: 10-minute sustained:  120 km/h (75 mph) 1-minute sustained:  130 km/h (80 mph)
Lowest pressure: 975 hPa (mbar); 28.79 inHg
Fatalities: 17 direct
Areas affected: China",,
222,https://en.wikipedia.org/wiki/Schoolhouse_Blizzard,"Type: Extratropical cycloneBlizzardWinter storm
Formed: January 12, 1888
Dissipated: January 13, 1888
Lowest temperature: -56.8 degF (-49.3 degC) in Poplar River, Montana[1]
Maximum snowfallor ice accretion: 6 inches (15 cm)
Fatalities: 235 fatalities
Areas affected: Mid-Western US",,
223,https://en.wikipedia.org/wiki/Cyclone_Imogen,"Formed: 1 January 2021
Dissipated: 6 January 2021
Highest winds: 85 km/h (50 mph)
Highest gusts: 130 km/h (80 mph)
Lowest pressure: 995 hPa (mbar); 29.38 inHg
Fatalities: None reported
Damage: >=$10 million (2021 USD)
Areas affected: Northern Territory, Far North Queensland",,
224,https://en.wikipedia.org/wiki/Typhoon_Nesat_(2017),"Formed: July 25, 2017
Dissipated: July 30, 2017
Highest winds: 155 km/h (100 mph)
Lowest pressure: 959 hPa (mbar); 28.32 inHg
Fatalities: 3 total
Damage: $282 million (2017 USD)
Areas affected: Philippines, Ryukyu Islands, Taiwan, East China, Thailand",,
225,https://en.wikipedia.org/wiki/2006_New_England_flood,,,
226,https://en.wikipedia.org/wiki/Hurricane_Laura,"Formed: August 20, 2020
Dissipated: August 29, 2020
Highest winds: 150 mph (240 km/h)
Lowest pressure: 937 mbar (hPa); 27.67 inHg
Fatalities: 81
Damage: >=$23.3 billion (2020 USD)
Areas affected: Lesser Antilles, Greater Antilles, The Bahamas, Gulf Coast of the United States, Midwestern United States, Eastern United States",,
227,https://en.wikipedia.org/wiki/Typhoon_Soudelor,"Formed: July 29, 2015
Dissipated: August 12, 2015
Highest winds: 285 km/h (180 mph)
Lowest pressure: 907 hPa (mbar); 26.78 inHg
Fatalities: 59 total
Damage: $4.09 billion (2015 USD)
Areas affected: Mariana IslandsPhilippinesTaiwanChinaSouth KoreaJapan",,
228,https://en.wikipedia.org/wiki/1991_Perfect_Storm,"Formed: October 28, 1991 (1991-10-28)(Extratropical until October 31)
Dissipated: November 2, 1991 (1991-11-03)
Highest winds: 75 mph (120 km/h)
Lowest pressure: 980 mbar (hPa); 28.94 inHg972 mbar (28.7 inHg) while extratropical)
Fatalities: 13 direct
Damage: >$200 million (1991 USD)
Areas affected: Mid-Atlantic states, Northeastern United States, Eastern Canada",,
229,https://en.wikipedia.org/wiki/Cyclone_Xaver,"Type: European windstormExtratropical cycloneWinter storm
Formed: 4 December 2013
Dissipated: 10 December 2013
Highest winds: 130 km/h (81 mph), Nissum Fjord, Denmark
Highest gust: 229 km/h (142 mph), Aonach Mor, Scotland, U.K.[1]
Lowest pressure: 962 mb (28.41 inHg)
Fatalities: 15",,
230,https://en.wikipedia.org/wiki/Tropical_Storm_Marco_(2008),"Formed: October 6, 2008 (2008-10-06)
Dissipated: October 7, 2008 (2008-10-07)
Highest winds: 65 mph (100 km/h)
Lowest pressure: 998 mbar (hPa); 29.47 inHg
Fatalities: None reported
Damage: Minimal
Areas affected: Mexico",,
231,https://en.wikipedia.org/wiki/Hurricane_Gladys_(1975),"Formed: September 22, 1975
Extratropical: October 3
Dissipated: October 4, 1975
Highest winds: 140 mph (220 km/h)
Lowest pressure: 939 mbar (hPa); 27.73 inHg
Fatalities: None
Areas affected: Eastern United States, Newfoundland and Labrador",,
232,https://en.wikipedia.org/wiki/1944_Great_Atlantic_hurricane,"Formed: September 9, 1944 (September 9, 1944)
Extratropical: 12:00 UTC September 15
Dissipated: September 16, 1944 (September 16, 1944)
Highest winds: 160 mph (260 km/h)
Lowest pressure: <=918 mbar (hPa); <=27.11 inHg
Fatalities: 300-400, primarily at sea
Damage: $100 million (1944 USD)
Areas affected: United States East Coast (especially New England), Atlantic Canada",,
233,https://en.wikipedia.org/wiki/Cyclone_Hikaa,"Formed: September 22, 2019
Dissipated: September 25, 2019
Highest winds: 165 km/h (105 mph)
Lowest pressure: 969 hPa (mbar); 28.61 inHg
Fatalities: 5
Missing: 6
Damage: >$1 million (2019 USD)
Areas affected: India, Oman",,
234,https://en.wikipedia.org/wiki/Typhoon_Utor,"Formed: August 8, 2013
Dissipated: August 18, 2013
Highest winds: 240 km/h (150 mph)
Lowest pressure: 926 hPa (mbar); 27.34 inHg
Fatalities: 97
Damage: $3.55 billion (2013 USD)
Areas affected: Philippines, Hong Kong, Macao, Guangdong, Guangxi, Jiangxi, Hunan",,
235,https://en.wikipedia.org/wiki/2015_Southeast_Africa_floods,"Date: January 9-20, 2015
Location: Malawi Mozambique Madagascar Zimbabwe
Deaths: At least 225 killed[1][2] At least 153 missing 400,000+ displaced
Property damage: At least USD $300,000,000",,
236,https://en.wikipedia.org/wiki/Hurricane_Sam,"Formed: September 22, 2021
Extratropical: October 5, 2021
Dissipated: October 7, 2021
Highest winds: 155 mph (250 km/h)
Lowest pressure: 927 mbar (hPa); 27.37 inHg
Fatalities: None
Damage: Minimal
Areas affected: West Africa, Lesser Antilles, Puerto Rico, Bermuda, Iceland, Greenland",,
237,https://en.wikipedia.org/wiki/Cyclone_Alan,"Formed: April 17, 1998
Dissipated: April 26, 1998
Highest winds: 85 km/h (50 mph)
Lowest pressure: 992 hPa (mbar); 29.29 inHg
Fatalities: 10
Areas affected: French Polynesia",,
238,https://en.wikipedia.org/wiki/August_2020_Midwest_derecho,"Date(s): August 10-11, 2020
Duration: 14 hours[1]
Track length: 770 mi (1,240 km)[1]
Peak wind gust  (measured): 126 mph (203 km/h; 56.3 m/s) (Atkins, Iowa, United States)[2]
Peak wind gust (est.): 140 mph (225 km/h; 62.6 m/s) (Cedar Rapids, Iowa)[2]
Largest hail: 2 in (5.1 cm) (Freeport, Illinois)[2]
Tornado count: 26
Strongest tornado1: EF1 tornado
Fatalities: 4
Damage costs: $11.2 billion (2020 USD)[I][4][5]
Types of damage: Widespread damage to residential and commercial property, agriculture, and public utility infrastructure, some severe, affecting millions.[2][6][7][1]
Areas affected: Midwestern United States  
State Breakdown

Significantly Affected
South Dakota (SE)Nebraska (NE)IowaIllinoisWisconsin (S)Indiana (N)

Lesser Affected
MissouriMichiganOhioKentucky

[1][8]
Severest impact: Cedar Rapids, Iowa area[9][10][11]",,
239,https://en.wikipedia.org/wiki/Hurricane_Danielle_(2010),"First system formed: June 25, 2010
Last system dissipated: November 7, 2010
Name: Igor
* Maximum winds: 155 mph (250 km/h)(1-minute sustained)
* Lowest pressure: 924 mbar (hPa; 27.29 inHg)
Total depressions: 21
Total storms: 19
Hurricanes: 12
Major hurricanes(Cat. 3+): 5
Total fatalities: 392 total
Total damage: $7.39 billion  (2010 USD)",,
240,https://en.wikipedia.org/wiki/1893_San_Roque_hurricane,"Formed: August 13, 1893
Dissipated: August 22, 1893
Highest winds: 120 mph (195 km/h)
Fatalities: 37
Damage: Unknown
Areas affected: Lesser Antilles, Puerto Rico, New England, Atlantic Canada",,
241,https://en.wikipedia.org/wiki/Typhoon_Isa,"Formed: April 12, 1997
Extratropical: April 23, 1997
Dissipated: April 24, 1997
Highest winds: 270 km/h (165 mph)
Lowest pressure: 930 hPa (mbar); 27.46 inHg
Fatalities: 0
Damage: $1 million
Areas affected: Pohnpei, Guam, Rota",,
242,https://en.wikipedia.org/wiki/Cyclone_Yasa,"Formed: December 11, 2020
Extratropical: December 19, 2020
Dissipated: December 24, 2020
Highest winds: 260 km/h (160 mph)
Lowest pressure: 914 hPa (mbar); 26.99 inHg
Fatalities: 4 total, 1 missing
Damage: >$247 million (2020 USD)
Areas affected: Vanuatu, Fiji, Tonga",,
243,https://en.wikipedia.org/wiki/Cyclone_Hola,"Formed: 3 March 2018
Dissipated: 13 March 2018
Highest winds: 10-minute sustained:  165 km/h (105 mph) 1-minute sustained:  185 km/h (115 mph)
Lowest pressure: 952 hPa (mbar); 28.11 inHg
Fatalities: 3 total
Damage: $5.66 million (2018 USD)(Total needs assessment)
Areas affected: Fiji, Vanuatu, New Caledonia, New Zealand",,
244,https://en.wikipedia.org/wiki/Tropical_Depression_Josie,"Formed: July 20, 2018
Dissipated: July 23, 2018
Highest winds: 65 km/h (40 mph)
Lowest pressure: 995 hPa (mbar); 29.38 inHg
Fatalities: 16 total
Damage: $87.4 million (2018 USD)
Areas affected: Philippines, Taiwan",,
